id,indikator_provinsi_id,indikator_kabupaten_id,tahun,kuadran,created_at,updated_at,kab_id,sektor_id,pertumbuhan_kabupaten,kontribusi_kabupaten,pertumbuhan_provinsi,kontribusi_provinsi
1,35,35,2022,Kuadran II,2026-07-15 19:58:30,2026-07-16 01:52:53,1201,1,0.04065,0.49258,0.05029,0.25931
2,36,36,2022,Kuadran III,2026-07-15 19:58:30,2026-07-16 01:52:53,1201,2,0.05061,0.00301,0.02616,0.01265
3,37,37,2022,Kuadran IV,2026-07-15 19:58:30,2026-07-16 01:52:53,1201,3,0.01871,0.10588,0.01982,0.17413
4,38,38,2022,Kuadran II,2026-07-15 19:58:30,2026-07-16 01:52:53,1201,4,0.04761,0.00564,0.0481,0.00144
5,39,39,2022,Kuadran I,2026-07-15 19:58:30,2026-07-16 01:52:53,1201,5,0.07816,0.00117,0.02167,0.00099
6,40,40,2022,Kuadran IV,2026-07-15 19:58:30,2026-07-16 01:52:53,1201,6,0.0301,0.09989,0.03032,0.1227
7,41,41,2022,Kuadran III,2026-07-15 19:58:30,2026-07-16 01:52:53,1201,7,0.0791,0.12233,0.06572,0.18314
8,42,42,2022,Kuadran IV,2026-07-15 19:58:30,2026-07-16 01:52:53,1201,8,0.11775,0.02185,0.12963,0.04269
9,43,43,2022,Kuadran III,2026-07-15 19:58:30,2026-07-16 01:52:53,1201,9,0.07704,0.01487,0.07257,0.02223
10,44,44,2022,Kuadran IV,2026-07-15 19:58:30,2026-07-16 01:52:53,1201,10,0.07465,0.00874,0.07598,0.03262
11,45,45,2022,Kuadran III,2026-07-15 19:58:30,2026-07-16 01:52:53,1201,11,0.04368,0.0102,0.03814,0.02899
12,46,46,2022,Kuadran III,2026-07-15 19:58:30,2026-07-16 01:52:53,1201,12,0.05696,0.02133,0.04528,0.04325
13,47,47,2022,Kuadran IV,2026-07-15 19:58:30,2026-07-16 01:52:53,1201,13,0.07206,0.00294,0.08777,0.00894
14,48,48,2022,Kuadran I,2026-07-15 19:58:30,2026-07-16 01:52:53,1201,14,-0.00024,0.07393,-0.00733,0.03146
15,49,49,2022,Kuadran III,2026-07-15 19:58:30,2026-07-16 01:52:53,1201,15,0.05195,0.01126,0.05136,0.02095
16,50,50,2022,Kuadran III,2026-07-15 19:58:30,2026-07-16 01:52:53,1201,16,0.05924,0.00343,0.0483,0.00931
17,51,51,2022,Kuadran IV,2026-07-15 19:58:30,2026-07-16 01:52:53,1201,17,0.06325,0.00095,0.08723,0.0052
18,52,52,2023,Kuadran I,2026-07-15 19:58:46,2026-07-16 02:01:24,1201,1,0.03207,0.48777,0.03042,0.25446
19,53,53,2023,Kuadran III,2026-07-15 19:58:46,2026-07-16 02:01:24,1201,2,0.05174,0.00304,0.03532,0.01247
20,54,54,2023,Kuadran III,2026-07-15 19:58:46,2026-07-16 02:01:24,1201,3,0.04039,0.10569,0.03461,0.17157
21,55,55,2023,Kuadran II,2026-07-15 19:58:46,2026-07-16 02:01:24,1201,4,0.0188,0.00552,0.02164,0.0014
22,56,56,2023,Kuadran I,2026-07-15 19:58:46,2026-07-16 02:01:24,1201,5,0.03682,0.00116,0.0289,0.00097
23,57,57,2023,Kuadran IV,2026-07-15 19:58:46,2026-07-16 02:01:24,1201,6,0.05206,0.10083,0.06394,0.12432
24,58,58,2023,Kuadran IV,2026-07-15 19:58:46,2026-07-16 02:01:24,1201,7,0.05585,0.12393,0.05797,0.18452
25,59,59,2023,Kuadran IV,2026-07-15 19:58:46,2026-07-16 02:01:24,1201,8,0.12643,0.02361,0.13018,0.04595
26,60,60,2023,Kuadran IV,2026-07-15 19:58:46,2026-07-16 02:01:24,1201,9,0.07849,0.01538,0.10217,0.02334
27,61,61,2023,Kuadran IV,2026-07-15 19:58:46,2026-07-16 02:01:24,1201,10,0.05072,0.00881,0.07802,0.03349
28,62,62,2023,Kuadran IV,2026-07-15 19:58:46,2026-07-16 02:01:24,1201,11,0.04475,0.01023,0.05499,0.02913
29,63,63,2023,Kuadran III,2026-07-15 19:58:46,2026-07-16 02:01:24,1201,12,0.05446,0.02158,0.03191,0.0425
30,64,64,2023,Kuadran III,2026-07-15 19:58:46,2026-07-16 02:01:24,1201,13,0.08002,0.00304,0.0668,0.00908
31,65,65,2023,Kuadran I,2026-07-15 19:58:46,2026-07-16 02:01:24,1201,14,0.03476,0.0734,0.01922,0.03053
32,66,66,2023,Kuadran IV,2026-07-15 19:58:46,2026-07-16 02:01:24,1201,15,0.06751,0.01153,0.07376,0.02143
33,67,67,2023,Kuadran IV,2026-07-15 19:58:46,2026-07-16 02:01:24,1201,16,0.06375,0.0035,0.06422,0.00943
34,68,68,2023,Kuadran IV,2026-07-15 19:58:46,2026-07-16 02:01:24,1201,17,0.07932,0.00098,0.09474,0.00542
35,69,69,2024,Kuadran II,2026-07-15 19:59:03,2026-07-16 02:09:34,1201,1,0.02608,0.48056,0.03716,0.25128
36,70,70,2024,Kuadran IV,2026-07-15 19:59:03,2026-07-16 02:09:34,1201,2,0.00509,0.00293,0.04022,0.01235
37,71,71,2024,Kuadran IV,2026-07-15 19:59:03,2026-07-16 02:09:34,1201,3,0.04229,0.10578,0.04622,0.1709
38,72,72,2024,Kuadran I,2026-07-15 19:59:03,2026-07-16 02:09:34,1201,4,0.05558,0.00559,0.02671,0.00137
39,73,73,2024,Kuadran I,2026-07-15 19:59:03,2026-07-16 02:09:34,1201,5,0.0444,0.00116,0.02553,0.00095
40,74,74,2024,Kuadran III,2026-07-15 19:59:03,2026-07-16 02:09:34,1201,6,0.07156,0.10375,0.06521,0.12608
41,75,75,2024,Kuadran III,2026-07-15 19:59:03,2026-07-16 02:09:34,1201,7,0.05107,0.12507,0.04444,0.18349
42,76,76,2024,Kuadran IV,2026-07-15 19:59:03,2026-07-16 02:09:34,1201,8,0.02805,0.02331,0.0643,0.04656
43,77,77,2024,Kuadran IV,2026-07-15 19:59:03,2026-07-16 02:09:34,1201,9,0.06901,0.01579,0.12001,0.02489
44,78,78,2024,Kuadran IV,2026-07-15 19:59:03,2026-07-16 02:09:34,1201,10,0.04739,0.00886,0.07413,0.03425
45,79,79,2024,Kuadran III,2026-07-15 19:59:03,2026-07-16 02:09:34,1201,11,0.04283,0.01024,0.03873,0.02881
46,80,80,2024,Kuadran IV,2026-07-15 19:59:03,2026-07-16 02:09:34,1201,12,0.03612,0.02147,0.05405,0.04265
47,81,81,2024,Kuadran III,2026-07-15 19:59:03,2026-07-16 02:09:34,1201,13,0.07409,0.00314,0.05134,0.00909
48,82,82,2024,Kuadran I,2026-07-15 19:59:03,2026-07-16 02:09:34,1201,14,0.07994,0.07611,0.06084,0.03084
49,83,83,2024,Kuadran IV,2026-07-15 19:59:03,2026-07-16 02:09:34,1201,15,0.05251,0.01165,0.05665,0.02156
50,84,84,2024,Kuadran III,2026-07-15 19:59:03,2026-07-16 02:09:34,1201,16,0.06029,0.00357,0.05136,0.00944
51,85,85,2024,Kuadran III,2026-07-15 19:59:03,2026-07-16 02:09:34,1201,17,0.0853,0.00102,0.06539,0.0055
52,86,86,2025,Kuadran II,2026-07-15 19:59:18,2026-07-16 02:17:33,1201,1,0.04618,0.48691,0.04884,0.25599
53,87,87,2025,Kuadran III,2026-07-15 19:59:18,2026-07-16 02:17:33,1201,2,0.02869,0.00292,0.01701,0.0122
54,88,88,2025,Kuadran IV,2026-07-15 19:59:18,2026-07-16 02:17:33,1201,3,0.01878,0.10437,0.03485,0.17179
55,89,89,2025,Kuadran II,2026-07-15 19:59:18,2026-07-16 02:17:33,1201,4,0.00288,0.00543,0.03306,0.00138
56,90,90,2025,Kuadran II,2026-07-15 19:59:18,2026-07-16 02:17:33,1201,5,-0.00106,0.00113,0.06161,0.00098
57,91,91,2025,Kuadran III,2026-07-15 19:59:18,2026-07-16 02:17:33,1201,6,-0.00013,0.10046,-0.00023,0.12244
58,92,92,2025,Kuadran IV,2026-07-15 19:59:18,2026-07-16 02:17:33,1201,7,0.0397,0.12594,0.06145,0.18919
59,93,93,2025,Kuadran III,2026-07-15 19:59:18,2026-07-16 02:17:33,1201,8,0.0103,0.0228,-0.23213,0.03473
60,94,94,2025,Kuadran III,2026-07-15 19:59:18,2026-07-16 02:17:33,1201,9,0.04614,0.016,0.04374,0.02523
61,95,95,2025,Kuadran IV,2026-07-15 19:59:18,2026-07-16 02:17:33,1201,10,0.03659,0.00889,0.06522,0.03543
62,96,96,2025,Kuadran IV,2026-07-15 19:59:18,2026-07-16 02:17:33,1201,11,0.01498,0.01007,0.03101,0.02885
63,97,97,2025,Kuadran IV,2026-07-15 19:59:18,2026-07-16 02:17:33,1201,12,0.06892,0.02222,0.08642,0.04501
64,98,98,2025,Kuadran IV,2026-07-15 19:59:18,2026-07-16 02:17:33,1201,13,0.05558,0.00321,0.10445,0.00975
65,99,99,2025,Kuadran I,2026-07-15 19:59:18,2026-07-16 02:17:33,1201,14,-0.00362,0.07345,-0.00596,0.02978
66,100,100,2025,Kuadran IV,2026-07-15 19:59:18,2026-07-16 02:17:33,1201,15,0.01518,0.01146,0.04163,0.02181
67,101,101,2025,Kuadran III,2026-07-15 19:59:18,2026-07-16 02:17:33,1201,16,0.08426,0.00375,0.0834,0.00994
68,102,102,2025,Kuadran IV,2026-07-15 19:59:18,2026-07-16 02:17:33,1201,17,0.01935,0.00101,0.03362,0.00552
86,35,120,2022,Kuadran II,2026-07-15 20:11:17,2026-07-16 01:53:07,1202,1,0.04801,0.46176,0.05029,0.25931
87,36,121,2022,Kuadran III,2026-07-15 20:11:17,2026-07-16 01:53:07,1202,2,0.04444,0.00082,0.02616,0.01265
88,37,122,2022,Kuadran III,2026-07-15 20:11:17,2026-07-16 01:53:07,1202,3,0.03955,0.02122,0.01982,0.17413
89,38,123,2022,Kuadran IV,2026-07-15 20:11:17,2026-07-16 01:53:07,1202,4,0.02381,0.00129,0.0481,0.00144
90,39,124,2022,Kuadran I,2026-07-15 20:11:17,2026-07-16 01:53:07,1202,5,0.04531,0.00106,0.02167,0.00099
91,40,125,2022,Kuadran I,2026-07-15 20:11:17,2026-07-16 01:53:07,1202,6,0.04002,0.1346,0.03032,0.1227
92,41,126,2022,Kuadran IV,2026-07-15 20:11:17,2026-07-16 01:53:07,1202,7,0.04499,0.14171,0.06572,0.18314
93,42,127,2022,Kuadran II,2026-07-15 20:11:17,2026-07-16 01:53:07,1202,8,0.07527,0.04802,0.12963,0.04269
94,43,128,2022,Kuadran II,2026-07-15 20:11:17,2026-07-16 01:53:07,1202,9,0.07134,0.02352,0.07257,0.02223
95,44,129,2022,Kuadran IV,2026-07-15 20:11:17,2026-07-16 01:53:07,1202,10,0.04826,0.00997,0.07598,0.03262
96,45,130,2022,Kuadran IV,2026-07-15 20:11:17,2026-07-16 01:53:07,1202,11,0.03172,0.0153,0.03814,0.02899
97,46,131,2022,Kuadran III,2026-07-15 20:11:17,2026-07-16 01:53:07,1202,12,0.04851,0.0205,0.04528,0.04325
98,47,132,2022,Kuadran IV,2026-07-15 20:11:17,2026-07-16 01:53:07,1202,13,0.06581,0.0029,0.08777,0.00894
99,48,133,2022,Kuadran II,2026-07-15 20:11:17,2026-07-16 01:53:07,1202,14,-0.00878,0.09134,-0.00733,0.03146
100,49,134,2022,Kuadran IV,2026-07-15 20:11:17,2026-07-16 01:53:07,1202,15,0.04523,0.01738,0.05136,0.02095
101,50,135,2022,Kuadran III,2026-07-15 20:11:17,2026-07-16 01:53:07,1202,16,0.0557,0.00729,0.0483,0.00931
102,51,136,2022,Kuadran IV,2026-07-15 20:11:17,2026-07-16 01:53:07,1202,17,0.07308,0.00133,0.08723,0.0052
103,35,137,2022,Kuadran I,2026-07-15 20:11:33,2026-07-16 01:53:21,1203,1,0.06896,0.4685,0.05029,0.25931
104,36,138,2022,Kuadran II,2026-07-15 20:11:33,2026-07-16 01:53:21,1203,2,0.00063,0.11218,0.02616,0.01265
105,37,139,2022,Kuadran III,2026-07-15 20:11:33,2026-07-16 01:53:21,1203,3,0.0438,0.05912,0.01982,0.17413
106,38,140,2022,Kuadran III,2026-07-15 20:11:33,2026-07-16 01:53:21,1203,4,0.06215,0.00072,0.0481,0.00144
107,39,141,2022,Kuadran III,2026-07-15 20:11:33,2026-07-16 01:53:21,1203,5,0.06542,0.00087,0.02167,0.00099
108,40,142,2022,Kuadran IV,2026-07-15 20:11:33,2026-07-16 01:53:21,1203,6,0.00665,0.10816,0.03032,0.1227
109,41,143,2022,Kuadran IV,2026-07-15 20:11:33,2026-07-16 01:53:21,1203,7,0.0599,0.11394,0.06572,0.18314
110,42,144,2022,Kuadran IV,2026-07-15 20:11:33,2026-07-16 01:53:21,1203,8,0.08839,0.01492,0.12963,0.04269
111,43,145,2022,Kuadran III,2026-07-15 20:11:33,2026-07-16 01:53:21,1203,9,0.07421,0.01383,0.07257,0.02223
112,44,146,2022,Kuadran III,2026-07-15 20:11:33,2026-07-16 01:53:21,1203,10,0.07959,0.00778,0.07598,0.03262
113,45,147,2022,Kuadran III,2026-07-15 20:11:33,2026-07-16 01:53:21,1203,11,0.05022,0.00853,0.03814,0.02899
114,46,148,2022,Kuadran IV,2026-07-15 20:11:33,2026-07-16 01:53:21,1203,12,0.0305,0.01941,0.04528,0.04325
115,47,149,2022,Kuadran IV,2026-07-15 20:11:33,2026-07-16 01:53:21,1203,13,0.02917,0.00047,0.08777,0.00894
116,48,150,2022,Kuadran I,2026-07-15 20:11:33,2026-07-16 01:53:21,1203,14,0.0228,0.05588,-0.00733,0.03146
117,49,151,2022,Kuadran IV,2026-07-15 20:11:33,2026-07-16 01:53:21,1203,15,0.04567,0.00771,0.05136,0.02095