id,kab_id,sektor_id,tahun,rn,rin,rij,mij,cij,kategori_pertumbuhan,kategori_daya_saing,created_at,updated_at,nij,dij,periode
35,1201,1,2022,0.04725,0.05029,0.04065,10706565480.89200,-23276998526.83800,Pertumbuhan Cepat,Tidak Dapat Bersaing,2026-07-15 19:58:23,2026-07-16 01:52:46,166576998526.84,154006565480.89,null
36,1201,2,2022,0.04725,0.02616,0.05061,-450157347.27180,71670950.28840,Pertumbuhan Cepat,Daya Saing Baik,2026-07-15 19:58:23,2026-07-16 01:52:46,1008329049.7116,629842652.7282,null
37,1201,3,2022,0.04725,0.01982,0.01871,-21233812253.42400,-22098152167.44300,Pertumbuhan Lambat,Tidak Dapat Bersaing,2026-07-15 19:58:23,2026-07-16 01:52:46,36578152167.443,-6753812253.4243,null
38,1201,4,2022,0.04725,0.04810,0.04761,34225504.58770,14303586.01550,Pertumbuhan Cepat,Daya Saing Baik,2026-07-15 19:58:23,2026-07-16 01:52:46,1895696413.9845,1944225504.5878,null
39,1201,5,2022,0.04725,0.02167,0.07816,-206187857.69890,249159693.50160,Pertumbuhan Cepat,Daya Saing Baik,2026-07-15 19:58:23,2026-07-16 01:52:46,380840306.4984,423812142.3011,null
40,1201,6,2022,0.04725,0.03032,0.03010,-12229721094.34200,-12387260517.55800,Pertumbuhan Cepat,Tidak Dapat Bersaing,2026-07-15 19:58:23,2026-07-16 01:52:46,34127260517.558,9510278905.6584,null
41,1201,7,2022,0.04725,0.06572,0.07910,15596821442.99800,26894379108.08400,Pertumbuhan Cepat,Daya Saing Baik,2026-07-15 19:58:23,2026-07-16 01:52:46,39895620891.916,82386821442.998,null
42,1201,8,2022,0.04725,0.12963,0.11775,11991361610.25200,10262194167.01000,Pertumbuhan Cepat,Daya Saing Baik,2026-07-15 19:58:23,2026-07-16 01:52:46,6877805832.9905,29131361610.252,null
43,1201,9,2022,0.04725,0.07257,0.07704,2603071920.21150,3062632319.10260,Pertumbuhan Cepat,Daya Saing Baik,2026-07-15 19:58:23,2026-07-16 01:52:46,4857367680.8974,10523071920.212,null
44,1201,10,2022,0.04725,0.07598,0.07465,1739726308.31110,1658972635.42470,Pertumbuhan Cepat,Daya Saing Baik,2026-07-15 19:58:23,2026-07-16 01:52:46,2861027364.5753,6259726308.3111,null
45,1201,11,2022,0.04725,0.03814,0.04368,-663275161.87860,-259847929.66280,Pertumbuhan Cepat,Tidak Dapat Bersaing,2026-07-15 19:58:23,2026-07-16 01:52:46,3439847929.6628,2516724838.1214,null
46,1201,12,2022,0.04725,0.04528,0.05696,-295688659.72200,1459643566.06560,Pertumbuhan Cepat,Daya Saing Baik,2026-07-15 19:58:23,2026-07-16 01:52:46,7100356433.9344,8264311340.278,null
47,1201,13,2022,0.04725,0.08777,0.07206,826537207.01570,506086569.16040,Pertumbuhan Cepat,Daya Saing Baik,2026-07-15 19:58:23,2026-07-16 01:52:46,963913430.8396,2296537207.0157,null
48,1201,14,2022,0.04725,-0.00733,-0.00024,-30061993848.21000,-26154717619.50100,Pertumbuhan Lambat,Tidak Dapat Bersaing,2026-07-15 19:58:23,2026-07-16 01:52:46,26024717619.501,-30191993848.21,null
49,1201,15,2022,0.04725,0.05136,0.05195,327509707.86600,374122527.55330,Pertumbuhan Cepat,Daya Saing Baik,2026-07-15 19:58:23,2026-07-16 01:52:46,3765877472.4467,4467509707.866,null
50,1201,16,2022,0.04725,0.04830,0.05924,25295722.28970,289369106.83980,Pertumbuhan Cepat,Daya Saing Baik,2026-07-15 19:58:23,2026-07-16 01:52:46,1140630893.1602,1455295722.2897,null
51,1201,17,2022,0.04725,0.08723,0.06325,265444001.02040,106255628.39340,Pertumbuhan Cepat,Daya Saing Baik,2026-07-15 19:58:23,2026-07-16 01:52:46,313744371.6066,685444001.0204,null
52,1201,1,2023,0.05007,0.03042,0.03207,-72078394804.46800,-66055181420.46100,Pertumbuhan Cepat,Tidak Dapat Bersaing,2026-07-15 19:58:38,2026-07-16 02:01:16,183695181420.46,45561605195.532,null
53,1201,2,2023,0.05007,0.03532,0.05174,-330690626.65430,37406930.69000,Pertumbuhan Cepat,Daya Saing Baik,2026-07-15 19:58:38,2026-07-16 02:01:16,1122593069.31,829309373.3457,null
54,1201,3,2023,0.05007,0.03461,0.04039,-12189809726.99300,-7636535253.72530,Pertumbuhan Cepat,Tidak Dapat Bersaing,2026-07-15 19:58:38,2026-07-16 02:01:16,39486535253.725,19660190273.007,null
55,1201,4,2023,0.05007,0.02164,0.01880,-1195133490.31200,-1314486472.03820,Pertumbuhan Lambat,Tidak Dapat Bersaing,2026-07-15 19:58:38,2026-07-16 02:01:16,2104486472.0382,-405133490.312,null
56,1201,5,2023,0.05007,0.02890,0.03682,-184008341.65190,-115117474.23300,Pertumbuhan Cepat,Tidak Dapat Bersaing,2026-07-15 19:58:38,2026-07-16 02:01:16,435117474.233,135991658.3481,null
57,1201,6,2023,0.05007,0.06394,0.05206,10317157689.32200,1477134542.07830,Pertumbuhan Cepat,Daya Saing Baik,2026-07-15 19:58:38,2026-07-16 02:01:16,37252865457.922,49047157689.322,null
58,1201,7,2023,0.05007,0.05797,0.05585,7198555721.64000,5268758999.09120,Pertumbuhan Cepat,Daya Saing Baik,2026-07-15 19:58:38,2026-07-16 02:01:16,45621241000.909,58088555721.64,null
59,1201,8,2023,0.05007,0.13018,0.12643,13032950919.99200,12423439233.86600,Pertumbuhan Cepat,Daya Saing Baik,2026-07-15 19:58:38,2026-07-16 02:01:16,8146560766.1342,33602950919.992,null
60,1201,9,2023,0.05007,0.10217,0.07849,5767975380.03230,3146132710.34800,Pertumbuhan Cepat,Daya Saing Baik,2026-07-15 19:58:38,2026-07-16 02:01:16,5543867289.652,14457975380.032,null
61,1201,10,2023,0.05007,0.07802,0.05072,1818467836.08390,41876404.10350,Pertumbuhan Cepat,Daya Saing Baik,2026-07-15 19:58:38,2026-07-16 02:01:16,3258123595.8965,5118467836.0839,null
62,1201,11,2023,0.05007,0.05499,0.04475,373873839.85310,-404398813.83450,Pertumbuhan Cepat,Tidak Dapat Bersaing,2026-07-15 19:58:38,2026-07-16 02:01:16,3804398813.8345,3773873839.8531,null
63,1201,12,2023,0.05007,0.03191,0.05446,-2885299204.47120,697214219.51380,Pertumbuhan Cepat,Daya Saing Baik,2026-07-15 19:58:38,2026-07-16 02:01:16,7952785780.4862,5764700795.5288,null
64,1201,13,2023,0.05007,0.06680,0.08002,365768361.65710,654946011.33770,Pertumbuhan Cepat,Daya Saing Baik,2026-07-15 19:58:38,2026-07-16 02:01:16,1095053988.6623,2115768361.6572,null
65,1201,14,2023,0.05007,0.01922,0.03476,-16986018995.34800,-8431626833.87710,Pertumbuhan Cepat,Tidak Dapat Bersaing,2026-07-15 19:58:38,2026-07-16 02:01:16,27571626833.877,2153981004.6519,null
66,1201,15,2023,0.05007,0.07376,0.06751,1985934787.34910,1462042688.18260,Pertumbuhan Cepat,Daya Saing Baik,2026-07-15 19:58:38,2026-07-16 02:01:16,4197957311.8174,7645934787.3491,null
67,1201,16,2023,0.05007,0.06422,0.06375,361751887.22030,349683105.16260,Pertumbuhan Cepat,Daya Saing Baik,2026-07-15 19:58:38,2026-07-16 02:01:16,1280316894.8374,1991751887.2203,null
68,1201,17,2023,0.05007,0.09474,0.07932,315364366.75500,206498346.59550,Pertumbuhan Cepat,Daya Saing Baik,2026-07-15 19:58:38,2026-07-16 02:01:16,353501653.4045,875364366.755,null
69,1201,1,2024,0.05029,0.03716,0.02608,-49744135088.71600,-91686177225.86900,Pertumbuhan Cepat,Tidak Dapat Bersaing,2026-07-15 19:58:55,2026-07-16 02:09:27,190426177225.87,48995864911.284,null
70,1201,2,2024,0.05029,0.04022,0.00509,-237493731.17210,-1065910699.53910,Pertumbuhan Lambat,Tidak Dapat Bersaing,2026-07-15 19:58:55,2026-07-16 02:09:27,1185910699.5391,-117493731.1721,null
71,1201,3,2024,0.05029,0.04622,0.04229,-3343172958.50430,-6563456002.70880,Pertumbuhan Cepat,Tidak Dapat Bersaing,2026-07-15 19:58:55,2026-07-16 02:09:27,41263456002.709,31356827041.496,null
72,1201,4,2024,0.05029,0.02671,0.05558,-1010006673.84590,226450544.77250,Pertumbuhan Cepat,Daya Saing Baik,2026-07-15 19:58:55,2026-07-16 02:09:27,2153549455.2275,1369993326.1542,null
73,1201,5,2024,0.05029,0.02553,0.04440,-223100677.03600,-53140602.32600,Pertumbuhan Cepat,Tidak Dapat Bersaing,2026-07-15 19:58:55,2026-07-16 02:09:27,453140602.326,176899322.964,null
74,1201,6,2024,0.05029,0.06521,0.07156,11674205934.48200,16644101702.70300,Pertumbuhan Cepat,Daya Saing Baik,2026-07-15 19:58:55,2026-07-16 02:09:27,39365898297.297,67684205934.482,null
75,1201,7,2024,0.05029,0.04444,0.05107,-5630958490.91830,747056354.08680,Pertumbuhan Cepat,Daya Saing Baik,2026-07-15 19:58:55,2026-07-16 02:09:27,48382943645.913,43499041509.082,null
76,1201,8,2024,0.05029,0.06430,0.02805,2566281116.16870,-4077211785.60370,Pertumbuhan Cepat,Tidak Dapat Bersaing,2026-07-15 19:58:55,2026-07-16 02:09:27,9217211785.6037,7706281116.1687,null
77,1201,9,2024,0.05029,0.12001,0.06901,8324397247.00730,2234503959.62820,Pertumbuhan Cepat,Daya Saing Baik,2026-07-15 19:58:55,2026-07-16 02:09:27,6005496040.3718,16564397247.007,null
78,1201,10,2024,0.05029,0.07413,0.04739,1629765524.96620,-198537511.76800,Pertumbuhan Cepat,Tidak Dapat Bersaing,2026-07-15 19:58:55,2026-07-16 02:09:27,3438537511.768,4869765524.9662,null
79,1201,11,2024,0.05029,0.03873,0.04283,-918249690.25740,-592264263.33400,Pertumbuhan Cepat,Tidak Dapat Bersaing,2026-07-15 19:58:55,2026-07-16 02:09:27,3992264263.334,2481750309.7426,null
80,1201,12,2024,0.05029,0.05405,0.03612,628535874.40630,-2373084137.35430,Pertumbuhan Cepat,Tidak Dapat Bersaing,2026-07-15 19:58:55,2026-07-16 02:09:27,8423084137.3543,6678535874.4063,null
81,1201,13,2024,0.05029,0.05134,0.07409,24600405.85350,562077577.47610,Pertumbuhan Cepat,Daya Saing Baik,2026-07-15 19:58:55,2026-07-16 02:09:27,1187922422.5239,1774600405.8535,null
82,1201,14,2024,0.05029,0.06084,0.07994,6010664063.73920,16893509012.28200,Pertumbuhan Cepat,Daya Saing Baik,2026-07-15 19:58:55,2026-07-16 02:09:27,28656490987.718,51560664063.739,null
83,1201,15,2024,0.05029,0.05665,0.05251,568580590.99650,198769821.51180,Pertumbuhan Cepat,Daya Saing Baik,2026-07-15 19:58:55,2026-07-16 02:09:27,4501230178.4882,5268580590.9965,null
84,1201,16,2024,0.05029,0.05136,0.06029,29130901.30920,272028370.33650,Pertumbuhan Cepat,Daya Saing Baik,2026-07-15 19:58:55,2026-07-16 02:09:27,1367971629.6635,1669130901.3092,null
85,1201,17,2024,0.05029,0.06539,0.08530,115030923.95680,266766771.39580,Pertumbuhan Cepat,Daya Saing Baik,2026-07-15 19:58:55,2026-07-16 02:09:27,383233228.6042,765030923.9568,null
86,1201,1,2025,0.02952,0.04884,0.04618,75069569865.17000,64731070889.79800,Pertumbuhan Cepat,Daya Saing Baik,2026-07-15 19:59:10,2026-07-16 02:17:25,114668929110.2,254469569865.17,null
87,1201,2,2025,0.02952,0.01701,0.02869,-296426354.57210,-19512137.46770,Pertumbuhan Cepat,Tidak Dapat Bersaing,2026-07-15 19:59:10,2026-07-16 02:17:25,699512137.4677,383573645.4279,null
88,1201,3,2025,0.02952,0.03485,0.01878,4563653829.77510,-9180286897.76000,Pertumbuhan Cepat,Tidak Dapat Bersaing,2026-07-15 19:59:10,2026-07-16 02:17:25,25240286897.76,20623653829.775,null
89,1201,4,2025,0.02952,0.03306,0.00288,160033770.47720,-1204090658.79920,Pertumbuhan Cepat,Tidak Dapat Bersaing,2026-07-15 19:59:10,2026-07-16 02:17:25,1334090658.7992,290033770.4772,null
90,1201,5,2025,0.02952,0.06161,-0.00106,301964634.89160,-287738785.38280,Pertumbuhan Cepat,Tidak Dapat Bersaing,2026-07-15 19:59:10,2026-07-16 02:17:25,277738785.3828,291964634.8916,null
91,1201,6,2025,0.02952,-0.00023,-0.00013,-24951362680.65300,-24865645999.14300,Pertumbuhan Lambat,Tidak Dapat Bersaing,2026-07-15 19:59:10,2026-07-16 02:17:25,24755645999.143,-25061362680.653,null
92,1201,7,2025,0.02952,0.06145,0.03970,32292196162.08300,10295624565.38000,Pertumbuhan Cepat,Daya Saing Baik,2026-07-15 19:59:10,2026-07-16 02:17:25,29844375434.62,72432196162.083,null
93,1201,8,2025,0.02952,-0.23213,0.01030,-49297401255.91500,-3620973916.46820,Pertumbuhan Lambat,Tidak Dapat Bersaing,2026-07-15 19:59:10,2026-07-16 02:17:25,5560973916.4682,-47357401255.915,null
94,1201,9,2025,0.02952,0.04374,0.04614,1815541507.69260,2122374500.09470,Pertumbuhan Cepat,Daya Saing Baik,2026-07-15 19:59:10,2026-07-16 02:17:25,3767625499.9054,7705541507.6926,null
95,1201,10,2025,0.02952,0.06522,0.03659,2556431273.30570,506410794.76520,Pertumbuhan Cepat,Daya Saing Baik,2026-07-15 19:59:10,2026-07-16 02:17:25,2113589205.2348,5176431273.3057,null
96,1201,11,2025,0.02952,0.03101,0.01498,123799663.13730,-1203274883.52660,Pertumbuhan Cepat,Tidak Dapat Bersaing,2026-07-15 19:59:10,2026-07-16 02:17:25,2443274883.5266,1363799663.1373,null
97,1201,12,2025,0.02952,0.08642,0.06892,9875386041.04060,6838213450.85330,Pertumbuhan Cepat,Daya Saing Baik,2026-07-15 19:59:10,2026-07-16 02:17:25,5121786549.1467,21835386041.041,null
98,1201,13,2025,0.02952,0.10445,0.05558,1901144765.62950,661197344.82880,Pertumbuhan Cepat,Daya Saing Baik,2026-07-15 19:59:10,2026-07-16 02:17:25,748802655.1712,3311144765.6295,null
99,1201,14,2025,0.02952,-0.00596,-0.00362,-21830619019.26400,-20391932433.30800,Pertumbuhan Lambat,Tidak Dapat Bersaing,2026-07-15 19:59:10,2026-07-16 02:17:25,18161932433.308,-24060619019.264,null
100,1201,15,2025,0.02952,0.04163,0.01518,1141255016.96980,-1350339381.83380,Pertumbuhan Cepat,Tidak Dapat Bersaing,2026-07-15 19:59:10,2026-07-16 02:17:25,2780339381.8338,2571255016.9698,null
101,1201,16,2025,0.02952,0.08340,0.08426,1554152786.20680,1578779323.01390,Pertumbuhan Cepat,Daya Saing Baik,2026-07-15 19:59:10,2026-07-16 02:17:25,851220676.9861,3984152786.2068,null
102,1201,17,2025,0.02952,0.03362,0.01935,33929177.71880,-84091366.11220,Pertumbuhan Cepat,Tidak Dapat Bersaing,2026-07-15 19:59:10,2026-07-16 02:17:25,244091366.1122,193929177.7188,null
120,1202,1,2022,0.04725,0.05029,0.04801,8451177058.97810,2103230408.39230,Pertumbuhan Cepat,Daya Saing Baik,2026-07-15 20:11:09,2026-07-16 01:53:00,131486769591.61,142041177058.98,null
121,1202,2,2022,0.04725,0.02616,0.04444,-104417941.37750,-13890758.95370,Pertumbuhan Cepat,Tidak Dapat Bersaing,2026-07-15 20:11:09,2026-07-16 01:53:00,233890758.9537,115582058.6225,null
122,1202,3,2022,0.04725,0.01982,0.03955,-3536728652.75410,-992499890.80650,Pertumbuhan Cepat,Tidak Dapat Bersaing,2026-07-15 20:11:09,2026-07-16 01:53:00,6092499890.8065,1563271347.2459,null
123,1202,4,2022,0.04725,0.04810,0.02381,6807565.46880,-187060253.82840,Pertumbuhan Cepat,Tidak Dapat Bersaing,2026-07-15 20:11:09,2026-07-16 01:53:00,377060253.8284,196807565.4688,null
124,1202,5,2022,0.04725,0.02167,0.04531,-163722368.39620,-12404213.59670,Pertumbuhan Cepat,Tidak Dapat Bersaing,2026-07-15 20:11:09,2026-07-16 01:53:00,302404213.5967,126277631.6038,null
125,1202,6,2022,0.04725,0.03032,0.04002,-13840178233.43700,-5911270635.55560,Pertumbuhan Cepat,Tidak Dapat Bersaing,2026-07-15 20:11:09,2026-07-16 01:53:00,38621270635.556,18869821766.563,null
126,1202,7,2022,0.04725,0.06572,0.04499,15821258731.92400,-1939716391.16560,Pertumbuhan Cepat,Tidak Dapat Bersaing,2026-07-15 20:11:09,2026-07-16 01:53:00,40469716391.166,54351258731.924,null
127,1202,8,2022,0.04725,0.12963,0.07527,23235528594.19800,7902951805.47550,Pertumbuhan Cepat,Daya Saing Baik,2026-07-15 20:11:09,2026-07-16 01:53:00,13327048194.524,44465528594.198,null
128,1202,9,2022,0.04725,0.07257,0.07134,3510348835.59260,3339641229.54470,Pertumbuhan Cepat,Daya Saing Baik,2026-07-15 20:11:09,2026-07-16 01:53:00,6550358770.4553,13400348835.593,null
129,1202,10,2022,0.04725,0.07598,0.04826,1726509560.13890,60707938.27700,Pertumbuhan Cepat,Daya Saing Baik,2026-07-15 20:11:09,2026-07-16 01:53:00,2839292061.723,4626509560.1389,null
130,1202,11,2022,0.04725,0.03814,0.03172,-853055678.66340,-1454079143.60340,Pertumbuhan Cepat,Tidak Dapat Bersaing,2026-07-15 20:11:09,2026-07-16 01:53:00,4424079143.6034,2116944321.3366,null
131,1202,12,2022,0.04725,0.04528,0.04851,-242953875.13060,155961210.50190,Pertumbuhan Cepat,Daya Saing Baik,2026-07-15 20:11:09,2026-07-16 01:53:00,5834038789.4981,5747046124.8694,null
132,1202,13,2022,0.04725,0.08777,0.06581,695668815.90490,318706195.71000,Pertumbuhan Cepat,Daya Saing Baik,2026-07-15 20:11:09,2026-07-16 01:53:00,811293804.29,1825668815.9049,null
133,1202,14,2022,0.04725,-0.00733,-0.00878,-31763822106.65600,-32607993147.61700,Pertumbuhan Lambat,Tidak Dapat Bersaing,2026-07-15 20:11:09,2026-07-16 01:53:00,27497993147.617,-36873822106.656,null
134,1202,15,2022,0.04725,0.05136,0.04523,431597799.46260,-212736649.07250,Pertumbuhan Cepat,Tidak Dapat Bersaing,2026-07-15 20:11:09,2026-07-16 01:53:00,4962736649.0725,5181597799.4626,null
135,1202,16,2022,0.04725,0.04830,0.05570,45718822.01740,368453775.12110,Pertumbuhan Cepat,Daya Saing Baik,2026-07-15 20:11:09,2026-07-16 01:53:00,2061546224.8789,2475718822.0174,null
136,1202,17,2022,0.04725,0.08723,0.07308,311816748.18660,201444864.67900,Pertumbuhan Cepat,Daya Saing Baik,2026-07-15 20:11:09,2026-07-16 01:53:00,368555135.321,881816748.1866,null
137,1203,1,2022,0.04725,0.05029,0.06896,13997111103.61500,100067385630.99000,Pertumbuhan Cepat,Daya Saing Baik,2026-07-15 20:11:25,2026-07-16 01:53:14,217772614369.01,331837111103.61,null
138,1203,2,2022,0.04725,0.02616,0.00063,-24868345674.73000,-54963801157.68400,Pertumbuhan Lambat,Tidak Dapat Bersaing,2026-07-15 20:11:25,2026-07-16 01:53:14,55703801157.684,-24128345674.73,null
139,1203,3,2022,0.04725,0.01982,0.04380,-16337415233.08000,-2053437141.01280,Pertumbuhan Cepat,Tidak Dapat Bersaing,2026-07-15 20:11:25,2026-07-16 01:53:14,28143437141.013,9752584766.9196,null
140,1203,4,2022,0.04725,0.04810,0.06215,6039794.92720,105465338.70860,Pertumbuhan Cepat,Daya Saing Baik,2026-07-15 20:11:25,2026-07-16 01:53:14,334534661.2914,446039794.9273,null
141,1203,5,2022,0.04725,0.02167,0.06542,-218978667.72990,155534364.31440,Pertumbuhan Cepat,Daya Saing Baik,2026-07-15 20:11:25,2026-07-16 01:53:14,404465635.6856,341021332.2701,null
142,1203,6,2022,0.04725,0.03032,0.00665,-19131946345.20200,-45878046390.75100,Pertumbuhan Lambat,Tidak Dapat Bersaing,2026-07-15 20:11:25,2026-07-16 01:53:14,53388046390.751,-11621946345.202,null
143,1203,7,2022,0.04725,0.06572,0.05990,20881719250.56500,14295965747.14300,Pertumbuhan Cepat,Daya Saing Baik,2026-07-15 20:11:25,2026-07-16 01:53:14,53414034252.857,88591719250.565,null
144,1203,8,2022,0.04725,0.12963,0.08839,11873556944.80300,5929762608.48500,Pertumbuhan Cepat,Daya Saing Baik,2026-07-15 20:11:25,2026-07-16 01:53:14,6810237391.515,24613556944.803,null
145,1203,9,2022,0.04725,0.07257,0.07421,3429066142.36420,3651315842.92680,Pertumbuhan Cepat,Daya Saing Baik,2026-07-15 20:11:25,2026-07-16 01:53:14,6398684157.0732,13479066142.364,null
146,1203,10,2022,0.04725,0.07598,0.07959,2176740959.82900,2450290121.54880,Pertumbuhan Cepat,Daya Saing Baik,2026-07-15 20:11:25,2026-07-16 01:53:14,3579709878.4512,8206740959.829,null
147,1203,11,2022,0.04725,0.03814,0.05022,-778346113.72650,253376255.06750,Pertumbuhan Cepat,Daya Saing Baik,2026-07-15 20:11:25,2026-07-16 01:53:14,4036623744.9326,3511653886.2735,null
148,1203,12,2022,0.04725,0.04528,0.03050,-389686445.54030,-3317520384.48370,Pertumbuhan Cepat,Tidak Dapat Bersaing,2026-07-15 20:11:25,2026-07-16 01:53:14,9357520384.4837,5650313554.4597,null
149,1203,13,2022,0.04725,0.08777,0.02917,194479342.82720,-86803160.19750,Pertumbuhan Cepat,Tidak Dapat Bersaing,2026-07-15 20:11:25,2026-07-16 01:53:14,226803160.1975,334479342.8272,null
150,1203,14,2022,0.04725,-0.00733,0.02280,-31357741213.68500,-14046448249.31100,Pertumbuhan Lambat,Tidak Dapat Bersaing,2026-07-15 20:11:25,2026-07-16 01:53:14,27146448249.311,-18257741213.685,null
151,1203,15,2022,0.04725,0.05136,0.04567,318551474.95320,-122871037.19030,Pertumbuhan Cepat,Tidak Dapat Bersaing,2026-07-15 20:11:25,2026-07-16 01:53:14,3662871037.1903,3858551474.9532,null