id,kab_id,sektor_id,tahun,pertumbuhan,kontribusi,created_at,updated_at
35,1201,1,2022,0.04065,0.49258,2026-07-15 19:58:27,2026-07-16 01:52:51
36,1201,2,2022,0.05061,0.00301,2026-07-15 19:58:27,2026-07-16 01:52:51
37,1201,3,2022,0.01871,0.10588,2026-07-15 19:58:27,2026-07-16 01:52:51
38,1201,4,2022,0.04761,0.00564,2026-07-15 19:58:27,2026-07-16 01:52:51
39,1201,5,2022,0.07816,0.00117,2026-07-15 19:58:27,2026-07-16 01:52:51
40,1201,6,2022,0.03010,0.09989,2026-07-15 19:58:27,2026-07-16 01:52:51
41,1201,7,2022,0.07910,0.12233,2026-07-15 19:58:27,2026-07-16 01:52:51
42,1201,8,2022,0.11775,0.02185,2026-07-15 19:58:27,2026-07-16 01:52:51
43,1201,9,2022,0.07704,0.01487,2026-07-15 19:58:27,2026-07-16 01:52:51
44,1201,10,2022,0.07465,0.00874,2026-07-15 19:58:27,2026-07-16 01:52:51
45,1201,11,2022,0.04368,0.01020,2026-07-15 19:58:27,2026-07-16 01:52:51
46,1201,12,2022,0.05696,0.02133,2026-07-15 19:58:27,2026-07-16 01:52:51
47,1201,13,2022,0.07206,0.00294,2026-07-15 19:58:27,2026-07-16 01:52:51
48,1201,14,2022,-0.00024,0.07393,2026-07-15 19:58:27,2026-07-16 01:52:51
49,1201,15,2022,0.05195,0.01126,2026-07-15 19:58:27,2026-07-16 01:52:51
50,1201,16,2022,0.05924,0.00343,2026-07-15 19:58:27,2026-07-16 01:52:51
51,1201,17,2022,0.06325,0.00095,2026-07-15 19:58:27,2026-07-16 01:52:51
52,1201,1,2023,0.03207,0.48777,2026-07-15 19:58:44,2026-07-16 02:01:21
53,1201,2,2023,0.05174,0.00304,2026-07-15 19:58:44,2026-07-16 02:01:21
54,1201,3,2023,0.04039,0.10569,2026-07-15 19:58:44,2026-07-16 02:01:21
55,1201,4,2023,0.01880,0.00552,2026-07-15 19:58:44,2026-07-16 02:01:21
56,1201,5,2023,0.03682,0.00116,2026-07-15 19:58:44,2026-07-16 02:01:21
57,1201,6,2023,0.05206,0.10083,2026-07-15 19:58:44,2026-07-16 02:01:21
58,1201,7,2023,0.05585,0.12393,2026-07-15 19:58:44,2026-07-16 02:01:21
59,1201,8,2023,0.12643,0.02361,2026-07-15 19:58:44,2026-07-16 02:01:21
60,1201,9,2023,0.07849,0.01538,2026-07-15 19:58:44,2026-07-16 02:01:21
61,1201,10,2023,0.05072,0.00881,2026-07-15 19:58:44,2026-07-16 02:01:21
62,1201,11,2023,0.04475,0.01023,2026-07-15 19:58:44,2026-07-16 02:01:21
63,1201,12,2023,0.05446,0.02158,2026-07-15 19:58:44,2026-07-16 02:01:21
64,1201,13,2023,0.08002,0.00304,2026-07-15 19:58:44,2026-07-16 02:01:21
65,1201,14,2023,0.03476,0.07340,2026-07-15 19:58:44,2026-07-16 02:01:21
66,1201,15,2023,0.06751,0.01153,2026-07-15 19:58:44,2026-07-16 02:01:21
67,1201,16,2023,0.06375,0.00350,2026-07-15 19:58:44,2026-07-16 02:01:21
68,1201,17,2023,0.07932,0.00098,2026-07-15 19:58:44,2026-07-16 02:01:21
69,1201,1,2024,0.02608,0.48056,2026-07-15 19:59:00,2026-07-16 02:09:32
70,1201,2,2024,0.00509,0.00293,2026-07-15 19:59:00,2026-07-16 02:09:32
71,1201,3,2024,0.04229,0.10578,2026-07-15 19:59:00,2026-07-16 02:09:32
72,1201,4,2024,0.05558,0.00559,2026-07-15 19:59:00,2026-07-16 02:09:32
73,1201,5,2024,0.04440,0.00116,2026-07-15 19:59:00,2026-07-16 02:09:32
74,1201,6,2024,0.07156,0.10375,2026-07-15 19:59:00,2026-07-16 02:09:32
75,1201,7,2024,0.05107,0.12507,2026-07-15 19:59:00,2026-07-16 02:09:32
76,1201,8,2024,0.02805,0.02331,2026-07-15 19:59:00,2026-07-16 02:09:32
77,1201,9,2024,0.06901,0.01579,2026-07-15 19:59:00,2026-07-16 02:09:32
78,1201,10,2024,0.04739,0.00886,2026-07-15 19:59:00,2026-07-16 02:09:32
79,1201,11,2024,0.04283,0.01024,2026-07-15 19:59:00,2026-07-16 02:09:32
80,1201,12,2024,0.03612,0.02147,2026-07-15 19:59:00,2026-07-16 02:09:32
81,1201,13,2024,0.07409,0.00314,2026-07-15 19:59:00,2026-07-16 02:09:32
82,1201,14,2024,0.07994,0.07611,2026-07-15 19:59:00,2026-07-16 02:09:32
83,1201,15,2024,0.05251,0.01165,2026-07-15 19:59:00,2026-07-16 02:09:32
84,1201,16,2024,0.06029,0.00357,2026-07-15 19:59:00,2026-07-16 02:09:32
85,1201,17,2024,0.08530,0.00102,2026-07-15 19:59:00,2026-07-16 02:09:32
86,1201,1,2025,0.04618,0.48691,2026-07-15 19:59:15,2026-07-16 02:17:30
87,1201,2,2025,0.02869,0.00292,2026-07-15 19:59:15,2026-07-16 02:17:30
88,1201,3,2025,0.01878,0.10437,2026-07-15 19:59:15,2026-07-16 02:17:30
89,1201,4,2025,0.00288,0.00543,2026-07-15 19:59:15,2026-07-16 02:17:30
90,1201,5,2025,-0.00106,0.00113,2026-07-15 19:59:15,2026-07-16 02:17:30
91,1201,6,2025,-0.00013,0.10046,2026-07-15 19:59:15,2026-07-16 02:17:30
92,1201,7,2025,0.03970,0.12594,2026-07-15 19:59:15,2026-07-16 02:17:30
93,1201,8,2025,0.01030,0.02280,2026-07-15 19:59:15,2026-07-16 02:17:30
94,1201,9,2025,0.04614,0.01600,2026-07-15 19:59:15,2026-07-16 02:17:30
95,1201,10,2025,0.03659,0.00889,2026-07-15 19:59:15,2026-07-16 02:17:30
96,1201,11,2025,0.01498,0.01007,2026-07-15 19:59:15,2026-07-16 02:17:30
97,1201,12,2025,0.06892,0.02222,2026-07-15 19:59:15,2026-07-16 02:17:30
98,1201,13,2025,0.05558,0.00321,2026-07-15 19:59:15,2026-07-16 02:17:30
99,1201,14,2025,-0.00362,0.07345,2026-07-15 19:59:15,2026-07-16 02:17:30
100,1201,15,2025,0.01518,0.01146,2026-07-15 19:59:15,2026-07-16 02:17:30
101,1201,16,2025,0.08426,0.00375,2026-07-15 19:59:15,2026-07-16 02:17:30
102,1201,17,2025,0.01935,0.00101,2026-07-15 19:59:15,2026-07-16 02:17:30
120,1202,1,2022,0.04801,0.46176,2026-07-15 20:11:15,2026-07-16 01:53:05
121,1202,2,2022,0.04444,0.00082,2026-07-15 20:11:15,2026-07-16 01:53:05
122,1202,3,2022,0.03955,0.02122,2026-07-15 20:11:15,2026-07-16 01:53:05
123,1202,4,2022,0.02381,0.00129,2026-07-15 20:11:15,2026-07-16 01:53:05
124,1202,5,2022,0.04531,0.00106,2026-07-15 20:11:15,2026-07-16 01:53:05
125,1202,6,2022,0.04002,0.13460,2026-07-15 20:11:15,2026-07-16 01:53:05
126,1202,7,2022,0.04499,0.14171,2026-07-15 20:11:15,2026-07-16 01:53:05
127,1202,8,2022,0.07527,0.04802,2026-07-15 20:11:15,2026-07-16 01:53:05
128,1202,9,2022,0.07134,0.02352,2026-07-15 20:11:15,2026-07-16 01:53:05
129,1202,10,2022,0.04826,0.00997,2026-07-15 20:11:15,2026-07-16 01:53:05
130,1202,11,2022,0.03172,0.01530,2026-07-15 20:11:15,2026-07-16 01:53:05
131,1202,12,2022,0.04851,0.02050,2026-07-15 20:11:15,2026-07-16 01:53:05
132,1202,13,2022,0.06581,0.00290,2026-07-15 20:11:15,2026-07-16 01:53:05
133,1202,14,2022,-0.00878,0.09134,2026-07-15 20:11:15,2026-07-16 01:53:05
134,1202,15,2022,0.04523,0.01738,2026-07-15 20:11:15,2026-07-16 01:53:05
135,1202,16,2022,0.05570,0.00729,2026-07-15 20:11:15,2026-07-16 01:53:05
136,1202,17,2022,0.07308,0.00133,2026-07-15 20:11:15,2026-07-16 01:53:05
137,1203,1,2022,0.06896,0.46850,2026-07-15 20:11:30,2026-07-16 01:53:18
138,1203,2,2022,0.00063,0.11218,2026-07-15 20:11:30,2026-07-16 01:53:18
139,1203,3,2022,0.04380,0.05912,2026-07-15 20:11:30,2026-07-16 01:53:18
140,1203,4,2022,0.06215,0.00072,2026-07-15 20:11:30,2026-07-16 01:53:18
141,1203,5,2022,0.06542,0.00087,2026-07-15 20:11:30,2026-07-16 01:53:18
142,1203,6,2022,0.00665,0.10816,2026-07-15 20:11:30,2026-07-16 01:53:18
143,1203,7,2022,0.05990,0.11394,2026-07-15 20:11:30,2026-07-16 01:53:18
144,1203,8,2022,0.08839,0.01492,2026-07-15 20:11:30,2026-07-16 01:53:18
145,1203,9,2022,0.07421,0.01383,2026-07-15 20:11:30,2026-07-16 01:53:18
146,1203,10,2022,0.07959,0.00778,2026-07-15 20:11:30,2026-07-16 01:53:18
147,1203,11,2022,0.05022,0.00853,2026-07-15 20:11:30,2026-07-16 01:53:18
148,1203,12,2022,0.03050,0.01941,2026-07-15 20:11:30,2026-07-16 01:53:18
149,1203,13,2022,0.02917,0.00047,2026-07-15 20:11:30,2026-07-16 01:53:18
150,1203,14,2022,0.02280,0.05588,2026-07-15 20:11:30,2026-07-16 01:53:18
151,1203,15,2022,0.04567,0.00771,2026-07-15 20:11:30,2026-07-16 01:53:18