kab_id,sektor_id,tahun,nilai
12.01,1,2021,3525390000000
12.01,2,2021,21340000000
12.01,3,2021,774130000000
12.01,4,2021,40120000000
12.01,5,2021,8060000000
12.01,6,2021,722260000000
12.01,7,2021,844340000000
12.01,8,2021,145560000000
12.01,9,2021,102800000000
12.01,10,2021,60550000000
12.01,11,2021,72800000000
12.01,12,2021,150270000000
12.01,13,2021,20400000000
12.01,14,2021,550780000000
12.01,15,2021,79700000000
12.01,16,2021,24140000000
12.01,17,2021,6640000000
12.01,1,2022,3668690000000
12.01,2,2022,22420000000
12.01,3,2022,788610000000
12.01,4,2022,42030000000
12.01,5,2022,8690000000
12.01,6,2022,744000000000
12.01,7,2022,911130000000
12.01,8,2022,162700000000
12.01,9,2022,110720000000
12.01,10,2022,65070000000
12.01,11,2022,75980000000
12.01,12,2022,158830000000
12.01,13,2022,21870000000
12.01,14,2022,550650000000
12.01,15,2022,83840000000
12.01,16,2022,25570000000
12.01,17,2022,7060000000
12.01,1,2023,3786330000000
12.01,2,2023,23580000000
12.01,3,2023,820460000000
12.01,4,2023,42820000000
12.01,5,2023,9010000000
12.01,6,2023,782730000000
12.01,7,2023,962020000000
12.01,8,2023,183270000000
12.01,9,2023,119410000000
12.01,10,2023,68370000000
12.01,11,2023,79380000000
12.01,12,2023,167480000000
12.01,13,2023,23620000000
12.01,14,2023,569790000000
12.01,15,2023,89500000000
12.01,16,2023,27200000000
12.01,17,2023,7620000000
12.01,1,2024,3885070000000
12.01,2,2024,23700000000
12.01,3,2024,855160000000
12.01,4,2024,45200000000
12.01,5,2024,9410000000
12.01,6,2024,838740000000
12.01,7,2024,1011150000000
12.01,8,2024,188410000000
12.01,9,2024,127650000000
12.01,10,2024,71610000000
12.01,11,2024,82780000000
12.01,12,2024,173530000000
12.01,13,2024,25370000000
12.01,14,2024,615340000000
12.01,15,2024,94200000000
12.01,16,2024,28840000000
12.01,17,2024,8270000000
12.01,1,2025,4064470000000
12.01,2,2025,24380000000
12.01,3,2025,871220000000
12.01,4,2025,45330000000
12.01,5,2025,9400000000
12.01,6,2025,838630000000
12.01,7,2025,1051290000000
12.01,8,2025,190350000000
12.01,9,2025,133540000000
12.01,10,2025,74230000000
12.01,11,2025,84020000000
12.01,12,2025,185490000000
12.01,13,2025,26780000000
12.01,14,2025,613110000000
12.01,15,2025,95630000000
12.01,16,2025,31270000000
12.01,17,2025,8430000000
12.02,1,2021,2782750000000
12.02,2,2021,4950000000
12.02,3,2021,128940000000
12.02,4,2021,7980000000
12.02,5,2021,6400000000
12.02,6,2021,817370000000
12.02,7,2021,856490000000
12.02,8,2021,282050000000
12.02,9,2021,138630000000
12.02,10,2021,60090000000
12.02,11,2021,93630000000
12.02,12,2021,123470000000
12.02,13,2021,17170000000
12.02,14,2021,581960000000
12.02,15,2021,105030000000
12.02,16,2021,43630000000
12.02,17,2021,7800000000
12.02,1,2022,2916340000000
12.02,2,2022,5170000000
12.02,3,2022,134040000000
12.02,4,2022,8170000000
12.02,5,2022,6690000000
12.02,6,2022,850080000000
12.02,7,2022,895020000000
12.02,8,2022,303280000000
12.02,9,2022,148520000000
12.02,10,2022,62990000000
12.02,11,2022,96600000000
12.02,12,2022,129460000000
12.02,13,2022,18300000000
12.02,14,2022,576850000000
12.02,15,2022,109780000000
12.02,16,2022,46060000000
12.02,17,2022,8370000000
12.02,1,2023,3032610000000
12.02,2,2023,5410000000
12.02,3,2023,141290000000
12.02,4,2023,8440000000
12.02,5,2023,7020000000
12.02,6,2023,889500000000
12.02,7,2023,953200000000
12.02,8,2023,324980000000
12.02,9,2023,158970000000
12.02,10,2023,65300000000
12.02,11,2023,100400000000
12.02,12,2023,134270000000
12.02,13,2023,19110000000
12.02,14,2023,603070000000
12.02,15,2023,115260000000
12.02,16,2023,48340000000
12.02,17,2023,8780000000
12.02,1,2024,3122220000000
12.02,2,2024,5670000000
12.02,3,2024,147550000000
12.02,4,2024,8510000000
12.02,5,2024,7110000000
12.02,6,2024,923710000000
12.02,7,2024,1027190000000
12.02,8,2024,348680000000
12.02,9,2024,174320000000
12.02,10,2024,69760000000
12.02,11,2024,105350000000
12.02,12,2024,138570000000
12.02,13,2024,20460000000
12.02,14,2024,650640000000
12.02,15,2024,121290000000
12.02,16,2024,50810000000
12.02,17,2024,9400000000
12.02,1,2025,3241990000000
12.02,2,2025,5920000000
12.02,3,2025,156500000000
12.02,4,2025,9790000000
12.02,5,2025,7200000000
12.02,6,2025,923640000000
12.02,7,2025,1105430000000
12.02,8,2025,397530000000
12.02,9,2025,189120000000
12.02,10,2025,74260000000
12.02,11,2025,108650000000
12.02,12,2025,143600000000
12.02,13,2025,21630000000
12.02,14,2025,668360000000
12.02,15,2025,130730000000
12.02,16,2025,54420000000
12.02,17,2025,9750000000
12.03,1,2021,4608880000000
12.03,2,2021,1178900000000
12.03,3,2021,595620000000
12.03,4,2021,7080000000
12.03,5,2021,8560000000
12.03,6,2021,1129890000000
12.03,7,2021,1130440000000
12.03,8,2021,144130000000
12.03,9,2021,135420000000
12.03,10,2021,75760000000
12.03,11,2021,85430000000
12.03,12,2021,198040000000
12.03,13,2021,4800000000
12.03,14,2021,574520000000
12.03,15,2021,77520000000
12.03,16,2021,78530000000
12.03,17,2021,3200000000
12.03,1,2022,4926720000000
12.03,2,2022,1179640000000
12.03,3,2022,621710000000
12.03,4,2022,7520000000
12.03,5,2022,9120000000
12.03,6,2022,1137400000000
12.03,7,2022,1198150000000
12.03,8,2022,156870000000
12.03,9,2022,145470000000
12.03,10,2022,81790000000
12.03,11,2022,89720000000
12.03,12,2022,204080000000
12.03,13,2022,4940000000
12.03,14,2022,587620000000
12.03,15,2022,81060000000
12.03,16,2022,80840000000
12.03,17,2022,3370000000
12.03,1,2023,5177630000000
12.03,2,2023,1167000000000
12.03,3,2023,658560000000
12.03,4,2023,7990000000
12.03,5,2023,9740000000
12.03,6,2023,1217350000000
12.03,7,2023,1286590000000
12.03,8,2023,177220000000
12.03,9,2023,158530000000
12.03,10,2023,88310000000
12.03,11,2023,94750000000
12.03,12,2023,213790000000
12.03,13,2023,5270000000
12.03,14,2023,614160000000
12.03,15,2023,87440000000
12.03,16,2023,85880000000
12.03,17,2023,3640000000
12.03,1,2024,5446890000000
12.03,2,2024,1196970000000
12.03,3,2024,694150000000
12.03,4,2024,8290000000
12.03,5,2024,10110000000
12.03,6,2024,1253980000000
12.03,7,2024,1380100000000
12.03,8,2024,194180000000
12.03,9,2024,175380000000
12.03,10,2024,95330000000
12.03,11,2024,97790000000
12.03,12,2024,224120000000
12.03,13,2024,5560000000
12.03,14,2024,647140000000
12.03,15,2024,93410000000
12.03,16,2024,93030000000
12.03,17,2024,3890000000
12.03,1,2025,5757040000000
12.03,2,2025,1195760000000
12.03,3,2025,722620000000
12.03,4,2025,8370000000
12.03,5,2025,10630000000
12.03,6,2025,1262530000000
12.03,7,2025,1466920000000
12.03,8,2025,215200000000
12.03,9,2025,186020000000
12.03,10,2025,102830000000
12.03,11,2025,99570000000
12.03,12,2025,242630000000
12.03,13,2025,6140000000
12.03,14,2025,653280000000
12.03,15,2025,96320000000
12.03,16,2025,100030000000
12.03,17,2025,4050000000
12.04,1,2021,1350000000000
12.04,2,2021,241000000000
12.04,3,2021,5000000000
12.04,4,2021,3000000000
12.04,5,2021,
12.04,6,2021,281000000000
12.04,7,2021,227000000000
12.04,8,2021,37000000000
12.04,9,2021,48000000000
12.04,10,2021,7000000000
12.04,11,2021,37000000000
12.04,12,2021,50000000000
12.04,13,2021,2000000000
12.04,14,2021,316000000000
12.04,15,2021,37000000000
12.04,16,2021,20000000000
12.04,17,2021,5000000000
12.04,1,2022,1403000000000
12.04,2,2022,250000000000
12.04,3,2022,6000000000
12.04,4,2022,3000000000
12.04,5,2022,
12.04,6,2022,282000000000
12.04,7,2022,237000000000
12.04,8,2022,38000000000
12.04,9,2022,49000000000
12.04,10,2022,8000000000
12.04,11,2022,38000000000
12.04,12,2022,50000000000
12.04,13,2022,2000000000
12.04,14,2022,318000000000
12.04,15,2022,39000000000
12.04,16,2022,21000000000
12.04,17,2022,5000000000
12.04,1,2023,1455000000000
12.04,2,2023,264000000000
12.04,3,2023,6000000000
12.04,4,2023,3000000000
12.04,5,2023,
12.04,6,2023,290000000000
12.04,7,2023,249000000000
12.04,8,2023,40000000000
12.04,9,2023,51000000000
12.04,10,2023,8000000000
12.04,11,2023,40000000000
12.04,12,2023,51000000000
12.04,13,2023,2000000000
12.04,14,2023,327000000000
12.04,15,2023,40000000000
12.04,16,2023,21000000000
12.04,17,2023,5000000000
12.04,1,2024,1499000000000
12.04,2,2024,277000000000
12.04,3,2024,6000000000
12.04,4,2024,3000000000
12.04,5,2024,
12.04,6,2024,303000000000
12.04,7,2024,256000000000
12.04,8,2024,42000000000
12.04,9,2024,52000000000
12.04,10,2024,9000000000
12.04,11,2024,41000000000
12.04,12,2024,52000000000
12.04,13,2024,2000000000
12.04,14,2024,352000000000
12.04,15,2024,42000000000
12.04,16,2024,22000000000
12.04,17,2024,6000000000
12.04,1,2025,1555000000000
12.04,2,2025,291000000000
12.04,3,2025,6000000000
12.04,4,2025,3000000000
12.04,5,2025,
12.04,6,2025,297000000000
12.04,7,2025,269000000000
12.04,8,2025,44000000000
12.04,9,2025,55000000000
12.04,10,2025,9000000000
12.04,11,2025,43000000000
12.04,12,2025,56000000000
12.04,13,2025,2000000000
12.04,14,2025,373000000000
12.04,15,2025,43000000000
12.04,16,2025,23000000000
12.04,17,2025,6000000000
12.05,1,2021,13359530000000
12.05,2,2021,2987880000000
12.05,3,2021,4152350000000
12.05,4,2021,73280000000
12.05,5,2021,12780000000
12.05,6,2021,2148200000000
12.05,7,2021,2877870000000
12.05,8,2021,578940000000
12.05,9,2021,601370000000
12.05,10,2021,483410000000
12.05,11,2021,565980000000
12.05,12,2021,817540000000
12.05,13,2021,145380000000
12.05,14,2021,871640000000
12.05,15,2021,372390000000
12.05,16,2021,142000000000
12.05,17,2021,56860000000
12.05,1,2022,14141370000000
12.05,2,2022,3122920000000
12.05,3,2022,4237520000000
12.05,4,2022,76300000000
12.05,5,2022,13140000000
12.05,6,2022,2297920000000
12.05,7,2022,2979370000000
12.05,8,2022,627790000000
12.05,9,2022,638790000000
12.05,10,2022,487100000000
12.05,11,2022,586150000000
12.05,12,2022,844330000000
12.05,13,2022,156050000000
12.05,14,2022,863180000000
12.05,15,2022,384300000000
12.05,16,2022,148750000000
12.05,17,2022,60510000000
12.05,1,2023,14799270000000
12.05,2,2023,3296170000000
12.05,3,2023,4363030000000
12.05,4,2023,78690000000
12.05,5,2023,13080000000
12.05,6,2023,2480940000000
12.05,7,2023,3122220000000
12.05,8,2023,673380000000
12.05,9,2023,694290000000
12.05,10,2023,512690000000
12.05,11,2023,610320000000
12.05,12,2023,868060000000
12.05,13,2023,160970000000
12.05,14,2023,922960000000
12.05,15,2023,405920000000
12.05,16,2023,157800000000
12.05,17,2023,65330000000
12.05,1,2024,15548370000000
12.05,2,2024,3419180000000
12.05,3,2024,4558040000000
12.05,4,2024,80590000000
12.05,5,2024,13260000000
12.05,6,2024,2535030000000
12.05,7,2024,3303680000000
12.05,8,2024,722950000000
12.05,9,2024,759320000000
12.05,10,2024,552410000000
12.05,11,2024,662130000000
12.05,12,2024,885710000000
12.05,13,2024,167900000000
12.05,14,2024,998480000000
12.05,15,2024,432110000000
12.05,16,2024,170740000000
12.05,17,2024,70590000000
12.05,1,2025,16303790000000
12.05,2,2025,3463820000000
12.05,3,2025,4772150000000
12.05,4,2025,84770000000
12.05,5,2025,13680000000
12.05,6,2025,2534490000000
12.05,7,2025,3488190000000
12.05,8,2025,787380000000
12.05,9,2025,776030000000
12.05,10,2025,580710000000
12.05,11,2025,691010000000
12.05,12,2025,947340000000
12.05,13,2025,172790000000
12.05,14,2025,980130000000
12.05,15,2025,458620000000
12.05,16,2025,185110000000
12.05,17,2025,71260000000
12.06,1,2021,8106360000000
12.06,2,2021,33280000000
12.06,3,2021,480790000000
12.06,4,2021,14370000000
12.06,5,2021,12250000000
12.06,6,2021,960590000000
12.06,7,2021,1519810000000
12.06,8,2021,654790000000
12.06,9,2021,375290000000
12.06,10,2021,158760000000
12.06,11,2021,195290000000
12.06,12,2021,469350000000
12.06,13,2021,27360000000
12.06,14,2021,815960000000
12.06,15,2021,386250000000
12.06,16,2021,179490000000
12.06,17,2021,192340000000
12.06,1,2022,8421760000000
12.06,2,2022,34910000000
12.06,3,2022,506930000000
12.06,4,2022,14960000000
12.06,5,2022,12520000000
12.06,6,2022,988310000000
12.06,7,2022,1604460000000
12.06,8,2022,711770000000
12.06,9,2022,396890000000
12.06,10,2022,169000000000
12.06,11,2022,203650000000
12.06,12,2022,490270000000
12.06,13,2022,28570000000
12.06,14,2022,818690000000
12.06,15,2022,404730000000
12.06,16,2022,187490000000
12.06,17,2022,202630000000
12.06,1,2023,8767600000000
12.06,2,2023,36760000000
12.06,3,2023,528430000000
12.06,4,2023,15520000000
12.06,5,2023,12870000000
12.06,6,2023,1051060000000
12.06,7,2023,1725710000000
12.06,8,2023,793520000000
12.06,9,2023,418910000000
12.06,10,2023,181830000000
12.06,11,2023,215630000000
12.06,12,2023,515330000000
12.06,13,2023,30090000000
12.06,14,2023,821520000000
12.06,15,2023,435200000000
12.06,16,2023,202450000000
12.06,17,2023,214240000000
12.06,1,2024,8990200000000
12.06,2,2024,39000000000
12.06,3,2024,544680000000
12.06,4,2024,15930000000
12.06,5,2024,13250000000
12.06,6,2024,1126860000000
12.06,7,2024,1813630000000
12.06,8,2024,864340000000
12.06,9,2024,459640000000
12.06,10,2024,197150000000
12.06,11,2024,228070000000
12.06,12,2024,542170000000
12.06,13,2024,32000000000
12.06,14,2024,875870000000
12.06,15,2024,466580000000
12.06,16,2024,206490000000
12.06,17,2024,225320000000
12.06,1,2025,9268980000000
12.06,2,2025,38780000000
12.06,3,2025,560520000000
12.06,4,2025,16130000000
12.06,5,2025,14160000000
12.06,6,2025,1127020000000
12.06,7,2025,1973550000000
12.06,8,2025,1000220000000
12.06,9,2025,479290000000
12.06,10,2025,214770000000
12.06,11,2025,234500000000
12.06,12,2025,567810000000
12.06,13,2025,34030000000
12.06,14,2025,864600000000
12.06,15,2025,497710000000
12.06,16,2025,221400000000
12.06,17,2025,231890000000
12.07,1,2021,8841740000000
12.07,2,2021,595540000000
12.07,3,2021,22294870000000
12.07,4,2021,119920000000
12.07,5,2021,34730000000
12.07,6,2021,11222770000000
12.07,7,2021,12673280000000
12.07,8,2021,4864500000000
12.07,9,2021,1875690000000
12.07,10,2021,1323350000000
12.07,11,2021,1931490000000
12.07,12,2021,2574810000000
12.07,13,2021,325980000000
12.07,14,2021,1299740000000
12.07,15,2021,1319680000000
12.07,16,2021,682540000000
12.07,17,2021,193000000000
12.07,1,2022,9292430000000
12.07,2,2022,624070000000
12.07,3,2022,22520380000000
12.07,4,2022,125470000000
12.07,5,2022,35050000000
12.07,6,2022,11515880000000
12.07,7,2022,13639950000000
12.07,8,2022,5697950000000
12.07,9,2022,2047970000000
12.07,10,2022,1438840000000
12.07,11,2022,2024160000000
12.07,12,2022,2664900000000
12.07,13,2022,349170000000
12.07,14,2022,1296380000000
12.07,15,2022,1367040000000
12.07,16,2022,722960000000
12.07,17,2022,206050000000
12.07,1,2023,9505450000000
12.07,2,2023,645420000000
12.07,3,2023,22971290000000
12.07,4,2023,128250000000
12.07,5,2023,35580000000
12.07,6,2023,12197630000000
12.07,7,2023,14294280000000
12.07,8,2023,7071570000000
12.07,9,2023,2235570000000
12.07,10,2023,1535040000000
12.07,11,2023,2120820000000
12.07,12,2023,2732780000000
12.07,13,2023,369150000000
12.07,14,2023,1315840000000
12.07,15,2023,1455040000000
12.07,16,2023,769630000000
12.07,17,2023,220340000000
12.07,1,2024,9902810000000
12.07,2,2024,677690000000
12.07,3,2024,23831660000000
12.07,4,2024,130410000000
12.07,5,2024,36240000000
12.07,6,2024,13114050000000
12.07,7,2024,15182400000000
12.07,8,2024,7315510000000
12.07,9,2024,2572270000000
12.07,10,2024,1656250000000
12.07,11,2024,2194480000000
12.07,12,2024,2790780000000
12.07,13,2024,390440000000
12.07,14,2024,1473050000000
12.07,15,2024,1535100000000
12.07,16,2024,828300000000
12.07,17,2024,236930000000
12.07,1,2025,10114450000000
12.07,2,2025,694630000000
12.07,3,2025,24965620000000
12.07,4,2025,131840000000
12.07,5,2025,38020000000
12.07,6,2025,13112880000000
12.07,7,2025,16326420000000
12.07,8,2025,7878800000000
12.07,9,2025,2734790000000
12.07,10,2025,1765270000000
12.07,11,2025,2262120000000
12.07,12,2025,3044230000000
12.07,13,2025,426620000000
12.07,14,2025,1444850000000
12.07,15,2025,1627020000000
12.07,16,2025,875610000000
12.07,17,2025,240160000000
12.08,1,2021,16663000000000
12.08,2,2021,64000000000
12.08,3,2021,2791000000000
12.08,4,2021,24000000000
12.08,5,2021,23000000000
12.08,6,2021,2409000000000
12.08,7,2021,3798000000000
12.08,8,2021,436000000000
12.08,9,2021,225000000000
12.08,10,2021,207000000000
12.08,11,2021,262000000000
12.08,12,2021,243000000000
12.08,13,2021,22000000000
12.08,14,2021,1064000000000
12.08,15,2021,287000000000
12.08,16,2021,102000000000
12.08,17,2021,28000000000
12.08,1,2022,17619000000000
12.08,2,2022,67000000000
12.08,3,2022,2847000000000
12.08,4,2022,25000000000
12.08,5,2022,24000000000
12.08,6,2022,2450000000000
12.08,7,2022,3996000000000
12.08,8,2022,468000000000
12.08,9,2022,238000000000
12.08,10,2022,219000000000
12.08,11,2022,272000000000
12.08,12,2022,251000000000
12.08,13,2022,24000000000
12.08,14,2022,1056000000000
12.08,15,2022,300000000000
12.08,16,2022,105000000000
12.08,17,2022,30000000000
12.08,1,2023,18510000000000
12.08,2,2023,70000000000
12.08,3,2023,2935000000000
12.08,4,2023,26000000000
12.08,5,2023,24000000000
12.08,6,2023,2579000000000
12.08,7,2023,4270000000000
12.08,8,2023,516000000000
12.08,9,2023,262000000000
12.08,10,2023,236000000000
12.08,11,2023,286000000000
12.08,12,2023,257000000000
12.08,13,2023,25000000000
12.08,14,2023,1057000000000
12.08,15,2023,314000000000
12.08,16,2023,113000000000
12.08,17,2023,32000000000
12.08,1,2024,19477000000000
12.08,2,2024,73000000000
12.08,3,2024,3005000000000
12.08,4,2024,27000000000
12.08,5,2024,25000000000
12.08,6,2024,2585000000000
12.08,7,2024,4539000000000
12.08,8,2024,573000000000
12.08,9,2024,294000000000
12.08,10,2024,256000000000
12.08,11,2024,298000000000
12.08,12,2024,271000000000
12.08,13,2024,26000000000
12.08,14,2024,1115000000000
12.08,15,2024,333000000000
12.08,16,2024,123000000000
12.08,17,2024,35000000000
12.08,1,2025,20274000000000
12.08,2,2025,75000000000
12.08,3,2025,3246000000000
12.08,4,2025,28000000000
12.08,5,2025,26000000000
12.08,6,2025,2706000000000
12.08,7,2025,4816000000000
12.08,8,2025,620000000000
12.08,9,2025,306000000000
12.08,10,2025,271000000000
12.08,11,2025,302000000000
12.08,12,2025,293000000000
12.08,13,2025,27000000000
12.08,14,2025,1112000000000
12.08,15,2025,350000000000
12.08,16,2025,130000000000
12.08,17,2025,35000000000
12.09,1,2021,
12.09,2,2021,
12.09,3,2021,
12.09,4,2021,
12.09,5,2021,
12.09,6,2021,
12.09,7,2021,
12.09,8,2021,
12.09,9,2021,
12.09,10,2021,
12.09,11,2021,
12.09,12,2021,
12.09,13,2021,
12.09,14,2021,
12.09,15,2021,
12.09,16,2021,
12.09,17,2021,
12.09,1,2022,12836600000000
12.09,2,2022,55940000000
12.09,3,2022,5617070000000
12.09,4,2022,27930000000
12.09,5,2022,15850000000
12.09,6,2022,1646330000000
12.09,7,2022,4840400000000
12.09,8,2022,947360000000
12.09,9,2022,221300000000
12.09,10,2022,165960000000
12.09,11,2022,380620000000
12.09,12,2022,447800000000
12.09,13,2022,10770000000
12.09,14,2022,784770000000
12.09,15,2022,236740000000
12.09,16,2022,163270000000
12.09,17,2022,152110000000
12.09,1,2023,13406090000000
12.09,2,2023,57850000000
12.09,3,2023,5815940000000
12.09,4,2023,28490000000
12.09,5,2023,15850000000
12.09,6,2023,1753200000000
12.09,7,2023,5130380000000
12.09,8,2023,1053350000000
12.09,9,2023,240190000000
12.09,10,2023,175740000000
12.09,11,2023,400740000000
12.09,12,2023,463900000000
12.09,13,2023,11310000000
12.09,14,2023,798680000000
12.09,15,2023,252400000000
12.09,16,2023,172130000000
12.09,17,2023,165080000000
12.09,1,2024,14147280000000
12.09,2,2024,58910000000
12.09,3,2024,6012890000000
12.09,4,2024,29390000000
12.09,5,2024,16110000000
12.09,6,2024,1774010000000
12.09,7,2024,5351570000000
12.09,8,2024,1135630000000
12.09,9,2024,259390000000
12.09,10,2024,184700000000
12.09,11,2024,414090000000
12.09,12,2024,480570000000
12.09,13,2024,11700000000
12.09,14,2024,838450000000
12.09,15,2024,268660000000
12.09,16,2024,182750000000
12.09,17,2024,175210000000
12.09,1,2025,14800300000000
12.09,2,2025,59960000000
12.09,3,2025,6256260000000
12.09,4,2025,29570000000
12.09,5,2025,16130000000
12.09,6,2025,1775900000000
12.09,7,2025,5670100000000
12.09,8,2025,1256150000000
12.09,9,2025,278550000000
12.09,10,2025,194270000000
12.09,11,2025,428450000000
12.09,12,2025,494800000000
12.09,13,2025,12380000000
12.09,14,2025,857790000000
12.09,15,2025,284670000000
12.09,16,2025,186420000000
12.09,17,2025,182210000000
12.10,1,2021,7441510000000
12.10,2,2021,178780000000
12.10,3,2021,7676760000000
12.10,4,2021,18860000000
12.10,5,2021,8090000000
12.10,6,2021,1841070000000
12.10,7,2021,3948190000000
12.10,8,2021,406280000000
12.10,9,2021,320160000000
12.10,10,2021,224920000000
12.10,11,2021,273910000000
12.10,12,2021,566580000000
12.10,13,2021,36140000000
12.10,14,2021,644360000000
12.10,15,2021,441950000000
12.10,16,2021,97420000000
12.10,17,2021,22570000000
12.10,1,2022,7985180000000
12.10,2,2022,189570000000
12.10,3,2022,7930490000000
12.10,4,2022,19960000000
12.10,5,2022,8550000000
12.10,6,2022,1852200000000
12.10,7,2022,4148530000000
12.10,8,2022,441470000000
12.10,9,2022,344450000000
12.10,10,2022,240390000000
12.10,11,2022,283910000000
12.10,12,2022,596120000000
12.10,13,2022,37940000000
12.10,14,2022,643800000000
12.10,15,2022,459220000000
12.10,16,2022,100050000000
12.10,17,2022,24160000000
12.10,1,2023,8360410000000
12.10,2,2023,195810000000
12.10,3,2023,8290210000000
12.10,4,2023,20680000000
12.10,5,2023,9120000000
12.10,6,2023,1967130000000
12.10,7,2023,4432820000000
12.10,8,2023,466650000000
12.10,9,2023,363310000000
12.10,10,2023,250170000000
12.10,11,2023,294960000000
12.10,12,2023,614490000000
12.10,13,2023,39400000000
12.10,14,2023,668860000000
12.10,15,2023,474920000000
12.10,16,2023,104900000000
12.10,17,2023,25450000000
12.10,1,2024,8717230000000
12.10,2,2024,203690000000
12.10,3,2024,8537730000000
12.10,4,2024,21620000000
12.10,5,2024,9420000000
12.10,6,2024,2087240000000
12.10,7,2024,4833310000000
12.10,8,2024,485530000000
12.10,9,2024,382980000000
12.10,10,2024,261490000000
12.10,11,2024,304510000000
12.10,12,2024,653590000000
12.10,13,2024,40840000000
12.10,14,2024,731910000000
12.10,15,2024,515220000000
12.10,16,2024,111430000000
12.10,17,2024,27130000000
12.10,1,2025,8926660000000
12.10,2,2025,211550000000
12.10,3,2025,8962450000000
12.10,4,2025,22680000000
12.10,5,2025,2800000000
12.10,6,2025,2086480000000
12.10,7,2025,5187210000000
12.10,8,2025,533010000000
12.10,9,2025,413870000000
12.10,10,2025,281590000000
12.10,11,2025,320650000000
12.10,12,2025,725640000000
12.10,13,2025,43300000000
12.10,14,2025,681200000000
12.10,15,2025,539190000000
12.10,16,2025,118250000000
12.10,17,2025,28750000000
12.11,1,2021,2999610000000
12.11,2,2021,4270000000
12.11,3,2021,21840000000
12.11,4,2021,6280000000
12.11,5,2021,5950000000
12.11,6,2021,838790000000
12.11,7,2021,1146870000000
12.11,8,2021,244550000000
12.11,9,2021,186660000000
12.11,10,2021,85770000000
12.11,11,2021,137700000000
12.11,12,2021,179880000000
12.11,13,2021,3970000000
12.11,14,2021,605340000000
12.11,15,2021,132520000000
12.11,16,2021,40380000000
12.11,17,2021,1300000000
12.11,1,2022,3135040000000
12.11,2,2022,4380000000
12.11,3,2022,22220000000
12.11,4,2022,6590000000
12.11,5,2022,6020000000
12.11,6,2022,846190000000
12.11,7,2022,1223310000000
12.11,8,2022,264180000000
12.11,9,2022,197530000000
12.11,10,2022,92290000000
12.11,11,2022,141540000000
12.11,12,2022,186010000000
12.11,13,2022,4020000000
12.11,14,2022,609390000000
12.11,15,2022,139320000000
12.11,16,2022,42120000000
12.11,17,2022,1310000000
12.11,1,2023,3282040000000
12.11,2,2023,4550000000
12.11,3,2023,23040000000
12.11,4,2023,6770000000
12.11,5,2023,6180000000
12.11,6,2023,888940000000
12.11,7,2023,1296190000000
12.11,8,2023,290350000000
12.11,9,2023,213610000000
12.11,10,2023,97830000000
12.11,11,2023,147670000000
12.11,12,2023,190800000000
12.11,13,2023,4210000000
12.11,14,2023,623550000000
12.11,15,2023,148330000000
12.11,16,2023,44820000000
12.11,17,2023,1390000000
12.11,1,2024,3422750000000
12.11,2,2024,4830000000
12.11,3,2024,24390000000
12.11,4,2024,7010000000
12.11,5,2024,6350000000
12.11,6,2024,938800000000
12.11,7,2024,1377110000000
12.11,8,2024,304750000000
12.11,9,2024,220370000000
12.11,10,2024,101190000000
12.11,11,2024,153230000000
12.11,12,2024,199110000000
12.11,13,2024,4400000000
12.11,14,2024,661940000000
12.11,15,2024,157170000000
12.11,16,2024,46470000000
12.11,17,2024,1450000000
12.11,1,2025,3550000000000
12.11,2,2025,5000000000
12.11,3,2025,26000000000
12.11,4,2025,7000000000
12.11,5,2025,7000000000
12.11,6,2025,939000000000
12.11,7,2025,1521000000000
12.11,8,2025,332000000000
12.11,9,2025,237000000000
12.11,10,2025,104000000000
12.11,11,2025,158000000000
12.11,12,2025,209000000000
12.11,13,2025,5000000000
12.11,14,2025,662000000000
12.11,15,2025,165000000000
12.11,16,2025,50000000000
12.11,17,2025,2000000000
12.12,1,2021,1833430000000
12.12,2,2021,16990000000
12.12,3,2021,595000000000
12.12,4,2021,5080000000
12.12,5,2021,2770000000
12.12,6,2021,762750000000
12.12,7,2021,953980000000
12.12,8,2021,165240000000
12.12,9,2021,164530000000
12.12,10,2021,90930000000
12.12,11,2021,99570000000
12.12,12,2021,165510000000
12.12,13,2021,46740000000
12.12,14,2021,523500000000
12.12,15,2021,167500000000
12.12,16,2021,46910000000
12.12,17,2021,8660000000
12.12,1,2022,1892500000000
12.12,2,2022,17820000000
12.12,3,2022,628580000000
12.12,4,2022,5350000000
12.12,5,2022,2920000000
12.12,6,2022,808570000000
12.12,7,2022,1012050000000
12.12,8,2022,174490000000
12.12,9,2022,170560000000
12.12,10,2022,96650000000
12.12,11,2022,103040000000
12.12,12,2022,170620000000
12.12,13,2022,48720000000
12.12,14,2022,525980000000
12.12,15,2022,173630000000
12.12,16,2022,47850000000
12.12,17,2022,9050000000
12.12,1,2023,1932910000000
12.12,2,2023,19060000000
12.12,3,2023,660430000000
12.12,4,2023,5800000000
12.12,5,2023,3170000000
12.12,6,2023,880180000000
12.12,7,2023,1093130000000
12.12,8,2023,189780000000
12.12,9,2023,183630000000
12.12,10,2023,104550000000
12.12,11,2023,108720000000
12.12,12,2023,179270000000
12.12,13,2023,51580000000
12.12,14,2023,528680000000
12.12,15,2023,179150000000
12.12,16,2023,49310000000
12.12,17,2023,9610000000
12.12,1,2024,1984090000000
12.12,2,2024,19900000000
12.12,3,2024,713510000000
12.12,4,2024,6200000000
12.12,5,2024,3360000000
12.12,6,2024,929610000000
12.12,7,2024,1157020000000
12.12,8,2024,199520000000
12.12,9,2024,191890000000
12.12,10,2024,111830000000
12.12,11,2024,113260000000
12.12,12,2024,186860000000
12.12,13,2024,53610000000
12.12,14,2024,559860000000
12.12,15,2024,185810000000
12.12,16,2024,51910000000
12.12,17,2024,9900000000
12.12,1,2025,2071570000000
12.12,2,2025,20750000000
12.12,3,2025,698780000000
12.12,4,2025,6400000000
12.12,5,2025,3510000000
12.12,6,2025,929460000000
12.12,7,2025,1283270000000
12.12,8,2025,210540000000
12.12,9,2025,210720000000
12.12,10,2025,119200000000
12.12,11,2025,119230000000
12.12,12,2025,197100000000
12.12,13,2025,55660000000
12.12,14,2025,559760000000
12.12,15,2025,192560000000
12.12,16,2025,54770000000
12.12,17,2025,10300000000
12.13,1,2021,4760430000000
12.13,2,2021,72670000000
12.13,3,2021,975980000000
12.13,4,2021,8840000000
12.13,5,2021,1910000000
12.13,6,2021,1107970000000
12.13,7,2021,1158400000000
12.13,8,2021,164490000000
12.13,9,2021,69060000000
12.13,10,2021,84880000000
12.13,11,2021,147660000000
12.13,12,2021,201430000000
12.13,13,2021,9390000000
12.13,14,2021,617750000000
12.13,15,2021,121100000000
12.13,16,2021,80750000000
12.13,17,2021,3170000000
12.13,1,2022,5031600000000
12.13,2,2022,75660000000
12.13,3,2022,1010010000000
12.13,4,2022,9170000000
12.13,5,2022,1980000000
12.13,6,2022,1123730000000
12.13,7,2022,1206420000000
12.13,8,2022,176480000000
12.13,9,2022,73670000000
12.13,10,2022,90360000000
12.13,11,2022,155120000000
12.13,12,2022,208800000000
12.13,13,2022,9890000000
12.13,14,2022,617200000000
12.13,15,2022,125980000000
12.13,16,2022,82500000000
12.13,17,2022,3380000000
12.13,1,2023,5255630000000
12.13,2,2023,81060000000
12.13,3,2023,1061490000000
12.13,4,2023,9380000000
12.13,5,2023,2080000000
12.13,6,2023,1187820000000
12.13,7,2023,1277320000000
12.13,8,2023,189290000000
12.13,9,2023,81070000000
12.13,10,2023,96330000000
12.13,11,2023,157740000000
12.13,12,2023,215770000000
12.13,13,2023,10290000000
12.13,14,2023,643640000000
12.13,15,2023,134650000000
12.13,16,2023,87660000000
12.13,17,2023,3610000000
12.13,1,2024,5460940000000
12.13,2,2024,86390000000
12.13,3,2024,1115040000000
12.13,4,2024,9930000000
12.13,5,2024,2150000000
12.13,6,2024,1244390000000
12.13,7,2024,1370680000000
12.13,8,2024,201640000000
12.13,9,2024,88350000000
12.13,10,2024,102290000000
12.13,11,2024,152140000000
12.13,12,2024,226790000000
12.13,13,2024,10880000000
12.13,14,2024,692510000000
12.13,15,2024,141400000000
12.13,16,2024,92190000000
12.13,17,2024,3920000000
12.13,1,2025,5704830000000
12.13,2,2025,90900000000
12.13,3,2025,1160770000000
12.13,4,2025,26290000000
12.13,5,2025,2140000000
12.13,6,2025,1243080000000
12.13,7,2025,1452750000000
12.13,8,2025,224650000000
12.13,9,2025,95390000000
12.13,10,2025,110070000000
12.13,11,2025,148350000000
12.13,12,2025,244580000000
12.13,13,2025,11340000000
12.13,14,2025,723030000000
12.13,15,2025,145980000000
12.13,16,2025,95270000000
12.13,17,2025,4260000000
12.14,1,2021,2038290000000
12.14,2,2021,269350000000
12.14,3,2021,7010000000
12.14,4,2021,3760000000
12.14,5,2021,1140000000
12.14,6,2021,551900000000
12.14,7,2021,368510000000
12.14,8,2021,146680000000
12.14,9,2021,86550000000
12.14,10,2021,46860000000
12.14,11,2021,62980000000
12.14,12,2021,198820000000
12.14,13,2021,1510000000
12.14,14,2021,387210000000
12.14,15,2021,119860000000
12.14,16,2021,36900000000
12.14,17,2021,5310000000
12.14,1,2022,2105630000000
12.14,2,2022,278210000000
12.14,3,2022,7120000000
12.14,4,2022,3930000000
12.14,5,2022,1160000000
12.14,6,2022,564750000000
12.14,7,2022,387220000000
12.14,8,2022,154340000000
12.14,9,2022,92510000000
12.14,10,2022,50080000000
12.14,11,2022,63640000000
12.14,12,2022,200220000000
12.14,13,2022,1550000000
12.14,14,2022,387670000000
12.14,15,2022,124220000000
12.14,16,2022,38290000000
12.14,17,2022,5560000000
12.14,1,2023,2162850000000
12.14,2,2023,288700000000
12.14,3,2023,7350000000
12.14,4,2023,4090000000
12.14,5,2023,1190000000
12.14,6,2023,591040000000
12.14,7,2023,407460000000
12.14,8,2023,161600000000
12.14,9,2023,97560000000
12.14,10,2023,52830000000
12.14,11,2023,67090000000
12.14,12,2023,208030000000
12.14,13,2023,1630000000
12.14,14,2023,403090000000
12.14,15,2023,128380000000
12.14,16,2023,40530000000
12.14,17,2023,5880000000
12.14,1,2024,2227280000000
12.14,2,2024,302240000000
12.14,3,2024,7610000000
12.14,4,2024,4310000000
12.14,5,2024,1210000000
12.14,6,2024,614780000000
12.14,7,2024,427170000000
12.14,8,2024,168250000000
12.14,9,2024,102070000000
12.14,10,2024,56050000000
12.14,11,2024,69190000000
12.14,12,2024,216750000000
12.14,13,2024,1660000000
12.14,14,2024,426180000000
12.14,15,2024,132210000000
12.14,16,2024,43210000000
12.14,17,2024,6160000000
12.14,1,2025,2300190000000
12.14,2,2025,312710000000
12.14,3,2025,7860000000
12.14,4,2025,4470000000
12.14,5,2025,1250000000
12.14,6,2025,613460000000
12.14,7,2025,454370000000
12.14,8,2025,180820000000
12.14,9,2025,112400000000
12.14,10,2025,58710000000
12.14,11,2025,70410000000
12.14,12,2025,224450000000
12.14,13,2025,1700000000
12.14,14,2025,422360000000
12.14,15,2025,135560000000
12.14,16,2025,45110000000
12.14,17,2025,6430000000
12.15,1,2021,523470000000
12.15,2,2021,380000000
12.15,3,2021,1400000000
12.15,4,2021,2300000000
12.15,5,2021,560000000
12.15,6,2021,75950000000
12.15,7,2021,98110000000
12.15,8,2021,17120000000
12.15,9,2021,19590000000
12.15,10,2021,8140000000
12.15,11,2021,7260000000
12.15,12,2021,11680000000
12.15,13,2021,140000000
12.15,14,2021,91250000000
12.15,15,2021,11630000000
12.15,16,2021,3230000000
12.15,17,2021,180000000
12.15,1,2022,546480000000
12.15,2,2022,390000000
12.15,3,2022,1430000000
12.15,4,2022,2390000000
12.15,5,2022,580000000
12.15,6,2022,79170000000
12.15,7,2022,104710000000
12.15,8,2022,18540000000
12.15,9,2022,21010000000
12.15,10,2022,8460000000
12.15,11,2022,7460000000
12.15,12,2022,11940000000
12.15,13,2022,150000000
12.15,14,2022,91200000000
12.15,15,2022,12190000000
12.15,16,2022,3320000000
12.15,17,2022,190000000
12.15,1,2023,570340000000
12.15,2,2023,420000000
12.15,3,2023,1480000000
12.15,4,2023,2520000000
12.15,5,2023,660000000
12.15,6,2023,88590000000
12.15,7,2023,113920000000
12.15,8,2023,19870000000
12.15,9,2023,23350000000
12.15,10,2023,8980000000
12.15,11,2023,7490000000
12.15,12,2023,12280000000
12.15,13,2023,150000000
12.15,14,2023,89700000000
12.15,15,2023,12540000000
12.15,16,2023,3520000000
12.15,17,2023,200000000
12.15,1,2024,592040000000
12.15,2,2024,430000000
12.15,3,2024,1510000000
12.15,4,2024,2580000000
12.15,5,2024,690000000
12.15,6,2024,93460000000
12.15,7,2024,122930000000
12.15,8,2024,20820000000
12.15,9,2024,25010000000
12.15,10,2024,9480000000
12.15,11,2024,7520000000
12.15,12,2024,12480000000
12.15,13,2024,150000000
12.15,14,2024,97940000000
12.15,15,2024,12950000000
12.15,16,2024,3760000000
12.15,17,2024,220000000
12.15,1,2025,619440000000
12.15,2,2025,440000000
12.15,3,2025,1620000000
12.15,4,2025,2660000000
12.15,5,2025,720000000
12.15,6,2025,99360000000
12.15,7,2025,134570000000
12.15,8,2025,22360000000
12.15,9,2025,25360000000
12.15,10,2025,9960000000
12.15,11,2025,7540000000
12.15,12,2025,12670000000
12.15,13,2025,160000000
12.15,14,2025,104140000000
12.15,15,2025,13740000000
12.15,16,2025,3940000000
12.15,17,2025,220000000
12.16,1,2021,1885570000000
12.16,2,2021,26910000000
12.16,3,2021,65150000000
12.16,4,2021,4150000000
12.16,5,2021,2820000000
12.16,6,2021,567410000000
12.16,7,2021,683720000000
12.16,8,2021,104360000000
12.16,9,2021,141880000000
12.16,10,2021,53330000000
12.16,11,2021,48160000000
12.16,12,2021,119720000000
12.16,13,2021,5050000000
12.16,14,2021,434580000000
12.16,15,2021,42870000000
12.16,16,2021,26580000000
12.16,17,2021,6880000000
12.16,1,2022,1950040000000
12.16,2,2022,28420000000
12.16,3,2022,67360000000
12.16,4,2022,4340000000
12.16,5,2022,2890000000
12.16,6,2022,595450000000
12.16,7,2022,726460000000
12.16,8,2022,113830000000
12.16,9,2022,151920000000
12.16,10,2022,56630000000
12.16,11,2022,50310000000
12.16,12,2022,125460000000
12.16,13,2022,5310000000
12.16,14,2022,437710000000
12.16,15,2022,45060000000
12.16,16,2022,27920000000
12.16,17,2022,7440000000
12.16,1,2023,2008550000000
12.16,2,2023,30050000000
12.16,3,2023,69840000000
12.16,4,2023,4540000000
12.16,5,2023,3000000000
12.16,6,2023,621770000000
12.16,7,2023,771050000000
12.16,8,2023,124130000000
12.16,9,2023,164450000000
12.16,10,2023,58600000000
12.16,11,2023,50770000000
12.16,12,2023,129900000000
12.16,13,2023,5270000000
12.16,14,2023,463330000000
12.16,15,2023,47310000000
12.16,16,2023,28530000000
12.16,17,2023,8030000000
12.16,1,2024,2086090000000
12.16,2,2024,30680000000
12.16,3,2024,72270000000
12.16,4,2024,4750000000
12.16,5,2024,3030000000
12.16,6,2024,664810000000
12.16,7,2024,830150000000
12.16,8,2024,131060000000
12.16,9,2024,170790000000
12.16,10,2024,58870000000
12.16,11,2024,51500000000
12.16,12,2024,132270000000
12.16,13,2024,5540000000
12.16,14,2024,480740000000
12.16,15,2024,49120000000
12.16,16,2024,28640000000
12.16,17,2024,8570000000
12.16,1,2025,2162850000000
12.16,2,2025,31280000000
12.16,3,2025,74190000000
12.16,4,2025,4850000000
12.16,5,2025,3090000000
12.16,6,2025,667820000000
12.16,7,2025,891510000000
12.16,8,2025,136950000000
12.16,9,2025,179230000000
12.16,10,2025,62360000000
12.16,11,2025,52870000000
12.16,12,2025,136630000000
12.16,13,2025,5710000000
12.16,14,2025,492550000000
12.16,15,2025,51490000000
12.16,16,2025,29550000000
12.16,17,2025,8890000000
12.17,1,2021,1642000000000
12.17,2,2021,21000000000
12.17,3,2021,16000000000
12.17,4,2021,2000000000
12.17,5,2021,2000000000
12.17,6,2021,349000000000
12.17,7,2021,359000000000
12.17,8,2021,99000000000
12.17,9,2021,158000000000
12.17,10,2021,39000000000
12.17,11,2021,31000000000
12.17,12,2021,64000000000
12.17,13,2021,4000000000
12.17,14,2021,327000000000
12.17,15,2021,31000000000
12.17,16,2021,16000000000
12.17,17,2021,2000000000
12.17,1,2022,1717000000000
12.17,2,2022,22000000000
12.17,3,2022,16000000000
12.17,4,2022,2000000000
12.17,5,2022,2000000000
12.17,6,2022,364000000000
12.17,7,2022,384000000000
12.17,8,2022,107000000000
12.17,9,2022,169000000000
12.17,10,2022,42000000000
12.17,11,2022,32000000000
12.17,12,2022,66000000000
12.17,13,2022,4000000000
12.17,14,2022,327000000000
12.17,15,2022,31000000000
12.17,16,2022,16000000000
12.17,17,2022,3000000000
12.17,1,2023,1794000000000
12.17,2,2023,23000000000
12.17,3,2023,17000000000
12.17,4,2023,3000000000
12.17,5,2023,2000000000
12.17,6,2023,386000000000
12.17,7,2023,409000000000
12.17,8,2023,115000000000
12.17,9,2023,185000000000
12.17,10,2023,44000000000
12.17,11,2023,32000000000
12.17,12,2023,67000000000
12.17,13,2023,4000000000
12.17,14,2023,339000000000
12.17,15,2023,32000000000
12.17,16,2023,17000000000
12.17,17,2023,3000000000
12.17,1,2024,1834000000000
12.17,2,2024,24000000000
12.17,3,2024,18000000000
12.17,4,2024,3000000000
12.17,5,2024,2000000000
12.17,6,2024,413000000000
12.17,7,2024,449000000000
12.17,8,2024,127000000000
12.17,9,2024,212000000000
12.17,10,2024,46000000000
12.17,11,2024,32000000000
12.17,12,2024,68000000000
12.17,13,2024,4000000000
12.17,14,2024,360000000000
12.17,15,2024,33000000000
12.17,16,2024,18000000000
12.17,17,2024,3000000000
12.17,1,2025,1874000000000
12.17,2,2025,24000000000
12.17,3,2025,18000000000
12.17,4,2025,3000000000
12.17,5,2025,2000000000
12.17,6,2025,413000000000
12.17,7,2025,512000000000
12.17,8,2025,132000000000
12.17,9,2025,225000000000
12.17,10,2025,49000000000
12.17,11,2025,32000000000
12.17,12,2025,70000000000
12.17,13,2025,4000000000
12.17,14,2025,383000000000
12.17,15,2025,33000000000
12.17,16,2025,18000000000
12.17,17,2025,3000000000
12.18,1,2021,8642730000000
12.18,2,2021,185520000000
12.18,3,2021,3498710000000
12.18,4,2021,23880000000
12.18,5,2021,2490000000
12.18,6,2021,1844180000000
12.18,7,2021,3001760000000
12.18,8,2021,148390000000
12.18,9,2021,556430000000
12.18,10,2021,143210000000
12.18,11,2021,97240000000
12.18,12,2021,483150000000
12.18,13,2021,88030000000
12.18,14,2021,574110000000
12.18,15,2021,299990000000
12.18,16,2021,174600000000
12.18,17,2021,98830000000
12.18,1,2022,9175750000000
12.18,2,2022,196870000000
12.18,3,2022,3606000000000
12.18,4,2022,25040000000
12.18,5,2022,2550000000
12.18,6,2022,1860830000000
12.18,7,2022,3172720000000
12.18,8,2022,158280000000
12.18,9,2022,559230000000
12.18,10,2022,153430000000
12.18,11,2022,100490000000
12.18,12,2022,486570000000
12.18,13,2022,89070000000
12.18,14,2022,570960000000
12.18,15,2022,313370000000
12.18,16,2022,176470000000
12.18,17,2022,101440000000
12.18,1,2023,9705360000000
12.18,2,2023,208820000000
12.18,3,2023,3739230000000
12.18,4,2023,26270000000
12.18,5,2023,2670000000
12.18,6,2023,1924870000000
12.18,7,2023,3346400000000
12.18,8,2023,169460000000
12.18,9,2023,600940000000
12.18,10,2023,169010000000
12.18,11,2023,110100000000
12.18,12,2023,509350000000
12.18,13,2023,93550000000
12.18,14,2023,563980000000
12.18,15,2023,331730000000
12.18,16,2023,185640000000
12.18,17,2023,104670000000
12.18,1,2024,10215990000000
12.18,2,2024,224920000000
12.18,3,2024,3848130000000
12.18,4,2024,27800000000
12.18,5,2024,2760000000
12.18,6,2024,2009700000000
12.18,7,2024,3536460000000
12.18,8,2024,177280000000
12.18,9,2024,659060000000
12.18,10,2024,190270000000
12.18,11,2024,116820000000
12.18,12,2024,539890000000
12.18,13,2024,99550000000
12.18,14,2024,581540000000
12.18,15,2024,350670000000
12.18,16,2024,192310000000
12.18,17,2024,110420000000
12.18,1,2025,10862940000000
12.18,2,2025,235524000000
12.18,3,2025,3953790000000
12.18,4,2025,28320000000
12.18,5,2025,2880000000
12.18,6,2025,2036970000000
12.18,7,2025,3746800000000
12.18,8,2025,198920000000
12.18,9,2025,704180000000
12.18,10,2025,204380000000
12.18,11,2025,122230000000
12.18,12,2025,572990000000
12.18,13,2025,106470000000
12.18,14,2025,579900000000
12.18,15,2025,367460000000
12.18,16,2025,206720000000
12.18,17,2025,113280000000
12.19,1,2021,5640460000000
12.19,2,2021,34460000000
12.19,3,2021,10994560000000
12.19,4,2021,16220000000
12.19,5,2021,7200000000
12.19,6,2021,1507120000000
12.19,7,2021,4058010000000
12.19,8,2021,799630000000
12.19,9,2021,267170000000
12.19,10,2021,170330000000
12.19,11,2021,72090000000
12.19,12,2021,273990000000
12.19,13,2021,21450000000
12.19,14,2021,419470000000
12.19,15,2021,113280000000
12.19,16,2021,69220000000
12.19,17,2021,21370000000
12.19,1,2022,5992670000000
12.19,2,2022,36050000000
12.19,3,2022,11287580000000
12.19,4,2022,16790000000
12.19,5,2022,7230000000
12.19,6,2022,1520680000000
12.19,7,2022,4322780000000
12.19,8,2022,831340000000
12.19,9,2022,278890000000
12.19,10,2022,178090000000
12.19,11,2022,75020000000
12.19,12,2022,281010000000
12.19,13,2022,22240000000
12.19,14,2022,419130000000
12.19,15,2022,116700000000
12.19,16,2022,73050000000
12.19,17,2022,22960000000
12.19,1,2023,6182030000000
12.19,2,2023,37370000000
12.19,3,2023,11760460000000
12.19,4,2023,17240000000
12.19,5,2023,7380000000
12.19,6,2023,1563740000000
12.19,7,2023,4578690000000
12.19,8,2023,845790000000
12.19,9,2023,299670000000
12.19,10,2023,188910000000
12.19,11,2023,79720000000
12.19,12,2023,289170000000
12.19,13,2023,23320000000
12.19,14,2023,424980000000
12.19,15,2023,120710000000
12.19,16,2023,77810000000
12.19,17,2023,25700000000
12.19,1,2024,6305390000000
12.19,2,2024,37790000000
12.19,3,2024,12432530000000
12.19,4,2024,18040000000
12.19,5,2024,7540000000
12.19,6,2024,1557160000000
12.19,7,2024,4768030000000
12.19,8,2024,863050000000
12.19,9,2024,316810000000
12.19,10,2024,199490000000
12.19,11,2024,83050000000
12.19,12,2024,295780000000
12.19,13,2024,23830000000
12.19,14,2024,469920000000
12.19,15,2024,124810000000
12.19,16,2024,83220000000
12.19,17,2024,27730000000
12.19,1,2025,6444950000000
12.19,2,2025,37650000000
12.19,3,2025,12756340000000
12.19,4,2025,18480000000
12.19,5,2025,7700000000
12.19,6,2025,1538740000000
12.19,7,2025,5087840000000
12.19,8,2025,971100000000
12.19,9,2025,334830000000
12.19,10,2025,210570000000
12.19,11,2025,84840000000
12.19,12,2025,314220000000
12.19,13,2025,25410000000
12.19,14,2025,465410000000
12.19,15,2025,131930000000
12.19,16,2025,90670000000
12.19,17,2025,29300000000
12.20,1,2021,3924020000000
12.20,2,2021,26080000000
12.20,3,2021,1482150000000
12.20,4,2021,21050000000
12.20,5,2021,3780000000
12.20,6,2021,1167980000000
12.20,7,2021,870750000000
12.20,8,2021,162380000000
12.20,9,2021,72610000000
12.20,10,2021,60370000000
12.20,11,2021,62550000000
12.20,12,2021,327370000000
12.20,13,2021,4070000000
12.20,14,2021,300780000000
12.20,15,2021,65480000000
12.20,16,2021,39680000000
12.20,17,2021,2550000000
12.20,1,2022,4166440000000
12.20,2,2022,27110000000
12.20,3,2022,1524950000000
12.20,4,2022,21870000000
12.20,5,2022,3760000000
12.20,6,2022,1174990000000
12.20,7,2022,909720000000
12.20,8,2022,164130000000
12.20,9,2022,74850000000
12.20,10,2022,63070000000
12.20,11,2022,63190000000
12.20,12,2022,339720000000
12.20,13,2022,4290000000
12.20,14,2022,300900000000
12.20,15,2022,65920000000
12.20,16,2022,40120000000
12.20,17,2022,2590000000
12.20,1,2023,4363200000000
12.20,2,2023,27710000000
12.20,3,2023,1582880000000
12.20,4,2023,22510000000
12.20,5,2023,3880000000
12.20,6,2023,1256260000000
12.20,7,2023,962860000000
12.20,8,2023,173740000000
12.20,9,2023,81800000000
12.20,10,2023,66860000000
12.20,11,2023,64580000000
12.20,12,2023,352870000000
12.20,13,2023,4620000000
12.20,14,2023,308500000000
12.20,15,2023,69890000000
12.20,16,2023,42530000000
12.20,17,2023,2770000000
12.20,1,2024,4558720000000
12.20,2,2024,28430000000
12.20,3,2024,1656970000000
12.20,4,2024,23570000000
12.20,5,2024,3950000000
12.20,6,2024,1319040000000
12.20,7,2024,1034880000000
12.20,8,2024,182630000000
12.20,9,2024,90800000000
12.20,10,2024,71910000000
12.20,11,2024,64960000000
12.20,12,2024,365650000000
12.20,13,2024,4820000000
12.20,14,2024,327680000000
12.20,15,2024,73510000000
12.20,16,2024,45530000000
12.20,17,2024,2900000000
12.20,1,2025,4766230000000
12.20,2,2025,28380000000
12.20,3,2025,1724430000000
12.20,4,2025,24580000000
12.20,5,2025,4130000000
12.20,6,2025,1324760000000
12.20,7,2025,1119190000000
12.20,8,2025,196180000000
12.20,9,2025,97810000000
12.20,10,2025,75580000000
12.20,11,2025,67060000000
12.20,12,2025,381950000000
12.20,13,2025,5040000000
12.20,14,2025,332480000000
12.20,15,2025,77430000000
12.20,16,2025,48270000000
12.20,17,2025,3020000000
12.21,1,2021,4494700000000
12.21,2,2021,44090000000
12.21,3,2021,1196360000000
12.21,4,2021,24000000000
12.21,5,2021,120000000
12.21,6,2021,1198510000000
12.21,7,2021,541850000000
12.21,8,2021,91950000000
12.21,9,2021,84620000000
12.21,10,2021,67800000000
12.21,11,2021,63350000000
12.21,12,2021,243720000000
12.21,13,2021,4000000000
12.21,14,2021,229700000000
12.21,15,2021,33160000000
12.21,16,2021,41610000000
12.21,17,2021,2600000000
12.21,1,2022,4724620000000
12.21,2,2022,47740000000
12.21,3,2022,1241140000000
12.21,4,2022,25040000000
12.21,5,2022,130000000
12.21,6,2022,1247950000000
12.21,7,2022,565420000000
12.21,8,2022,96580000000
12.21,9,2022,88100000000
12.21,10,2022,71420000000
12.21,11,2022,66530000000
12.21,12,2022,251760000000
12.21,13,2022,4100000000
12.21,14,2022,236630000000
12.21,15,2022,34190000000
12.21,16,2022,43900000000
12.21,17,2022,2710000000
12.21,1,2023,4973100000000
12.21,2,2023,49610000000
12.21,3,2023,1283510000000
12.21,4,2023,26460000000
12.21,5,2023,120000000
12.21,6,2023,1329710000000
12.21,7,2023,597330000000
12.21,8,2023,105700000000
12.21,9,2023,95620000000
12.21,10,2023,76870000000
12.21,11,2023,70130000000
12.21,12,2023,265010000000
12.21,13,2023,4320000000
12.21,14,2023,239120000000
12.21,15,2023,36370000000
12.21,16,2023,46650000000
12.21,17,2023,2890000000
12.21,1,2024,5218890000000
12.21,2,2024,51130000000
12.21,3,2024,1344260000000
12.21,4,2024,28720000000
12.21,5,2024,130000000
12.21,6,2024,1386940000000
12.21,7,2024,630290000000
12.21,8,2024,111230000000
12.21,9,2024,102660000000
12.21,10,2024,81570000000
12.21,11,2024,74140000000
12.21,12,2024,281930000000
12.21,13,2024,4660000000
12.21,14,2024,250900000000
12.21,15,2024,38860000000
12.21,16,2024,50300000000
12.21,17,2024,3110000000
12.21,1,2025,5466130000000
12.21,2,2025,53530000000
12.21,3,2025,1404190000000
12.21,4,2025,29860000000
12.21,5,2025,140000000
12.21,6,2025,1393890000000
12.21,7,2025,669400000000
12.21,8,2025,121030000000
12.21,9,2025,110020000000
12.21,10,2025,86340000000
12.21,11,2025,78530000000
12.21,12,2025,299710000000
12.21,13,2025,4960000000
12.21,14,2025,250090000000
12.21,15,2025,41270000000
12.21,16,2025,53680000000
12.21,17,2025,3300000000
12.22,1,2021,6654870000000
12.22,2,2021,62780000000
12.22,3,2021,7765830000000
12.22,4,2021,12670000000
12.22,5,2021,3740000000
12.22,6,2021,1208310000000
12.22,7,2021,2371980000000
12.22,8,2021,186980000000
12.22,9,2021,160700000000
12.22,10,2021,110960000000
12.22,11,2021,168450000000
12.22,12,2021,447590000000
12.22,13,2021,23630000000
12.22,14,2021,268370000000
12.22,15,2021,94180000000
12.22,16,2021,64540000000
12.22,17,2021,14810000000
12.22,1,2022,7096740000000
12.22,2,2022,64580000000
12.22,3,2022,8022730000000
12.22,4,2022,13410000000
12.22,5,2022,3760000000
12.22,6,2022,1261960000000
12.22,7,2022,2474950000000
12.22,8,2022,201340000000
12.22,9,2022,170600000000
12.22,10,2022,118440000000
12.22,11,2022,174870000000
12.22,12,2022,473440000000
12.22,13,2022,24680000000
12.22,14,2022,268310000000
12.22,15,2022,97490000000
12.22,16,2022,66640000000
12.22,17,2022,15920000000
12.22,1,2023,7432260000000
12.22,2,2023,66530000000
12.22,3,2023,8385130000000
12.22,4,2023,13900000000
12.22,5,2023,3900000000
12.22,6,2023,1347890000000
12.22,7,2023,2619620000000
12.22,8,2023,216130000000
12.22,9,2023,182870000000
12.22,10,2023,128090000000
12.22,11,2023,182480000000
12.22,12,2023,494740000000
12.22,13,2023,25690000000
12.22,14,2023,273660000000
12.22,15,2023,104430000000
12.22,16,2023,70760000000
12.22,17,2023,17250000000
12.22,1,2024,7760790000000
12.22,2,2024,70000000000
12.22,3,2024,8741640000000
12.22,4,2024,14440000000
12.22,5,2024,4020000000
12.22,6,2024,1426720000000
12.22,7,2024,2789140000000
12.22,8,2024,236430000000
12.22,9,2024,198600000000
12.22,10,2024,137450000000
12.22,11,2024,191230000000
12.22,12,2024,526220000000
12.22,13,2024,27070000000
12.22,14,2024,291730000000
12.22,15,2024,111360000000
12.22,16,2024,74420000000
12.22,17,2024,18320000000
12.22,1,2025,
12.22,2,2025,
12.22,3,2025,
12.22,4,2025,
12.22,5,2025,
12.22,6,2025,
12.22,7,2025,
12.22,8,2025,
12.22,9,2025,
12.22,10,2025,
12.22,11,2025,
12.22,12,2025,
12.22,13,2025,
12.22,14,2025,
12.22,15,2025,
12.22,16,2025,
12.22,17,2025,
12.23,1,2021,7455700000000
12.23,2,2021,123560000000
12.23,3,2021,4679050000000
12.23,4,2021,15410000000
12.23,5,2021,2910000000
12.23,6,2021,1150670000000
12.23,7,2021,2790400000000
12.23,8,2021,185860000000
12.23,9,2021,181780000000
12.23,10,2021,98450000000
12.23,11,2021,143950000000
12.23,12,2021,528460000000
12.23,13,2021,27060000000
12.23,14,2021,375870000000
12.23,15,2021,118880000000
12.23,16,2021,70950000000
12.23,17,2021,20300000000
12.23,1,2022,7949210000000
12.23,2,2022,127010000000
12.23,3,2022,4811310000000
12.23,4,2022,15860000000
12.23,5,2022,2970000000
12.23,6,2022,1169400000000
12.23,7,2022,2903820000000
12.23,8,2022,202390000000
12.23,9,2022,193720000000
12.23,10,2022,104680000000
12.23,11,2022,148660000000
12.23,12,2022,550270000000
12.23,13,2022,27420000000
12.23,14,2022,375220000000
12.23,15,2022,123250000000
12.23,16,2022,72680000000
12.23,17,2022,21160000000
12.23,1,2023,8293850000000
12.23,2,2023,131510000000
12.23,3,2023,5003810000000
12.23,4,2023,16260000000
12.23,5,2023,3100000000
12.23,6,2023,1247630000000
12.23,7,2023,3078440000000
12.23,8,2023,225270000000
12.23,9,2023,213590000000
12.23,10,2023,112130000000
12.23,11,2023,155420000000
12.23,12,2023,566610000000
12.23,13,2023,28560000000
12.23,14,2023,386730000000
12.23,15,2023,130770000000
12.23,16,2023,76710000000
12.23,17,2023,22890000000
12.23,1,2024,8680610000000
12.23,2,2024,134590000000
12.23,3,2024,5173650000000
12.23,4,2024,16800000000
12.23,5,2024,3210000000
12.23,6,2024,1238110000000
12.23,7,2024,3277630000000
12.23,8,2024,242180000000
12.23,9,2024,225810000000
12.23,10,2024,118680000000
12.23,11,2024,161520000000
12.23,12,2024,578350000000
12.23,13,2024,29920000000
12.23,14,2024,405620000000
12.23,15,2024,137630000000
12.23,16,2024,79390000000
12.23,17,2024,24050000000
12.23,1,2025,9027640000000
12.23,2,2025,138050000000
12.23,3,2025,5404350000000
12.23,4,2025,17120000000
12.23,5,2025,3380000000
12.23,6,2025,1232490000000
12.23,7,2025,3471830000000
12.23,8,2025,258010000000
12.23,9,2025,234460000000
12.23,10,2025,125700000000
12.23,11,2025,163260000000
12.23,12,2025,614050000000
12.23,13,2025,31330000000
12.23,14,2025,405240000000
12.23,15,2025,142880000000
12.23,16,2025,84480000000
12.23,17,2025,24290000000
12.24,1,2021,1334640000000
12.24,2,2021,146340000000
12.24,3,2021,5370000000
12.24,4,2021,3680000000
12.24,5,2021,1170000000
12.24,6,2021,203760000000
12.24,7,2021,247680000000
12.24,8,2021,40420000000
12.24,9,2021,64210000000
12.24,10,2021,11040000000
12.24,11,2021,44360000000
12.24,12,2021,81200000000
12.24,13,2021,1580000000
12.24,14,2021,152530000000
12.24,15,2021,51270000000
12.24,16,2021,21450000000
12.24,17,2021,6520000000
12.24,1,2022,1384030000000
12.24,2,2022,150640000000
12.24,3,2022,5500000000
12.24,4,2022,3820000000
12.24,5,2022,1170000000
12.24,6,2022,204390000000
12.24,7,2022,259330000000
12.24,8,2022,41530000000
12.24,9,2022,64850000000
12.24,10,2022,11700000000
12.24,11,2022,45910000000
12.24,12,2022,81950000000
12.24,13,2022,1610000000
12.24,14,2022,152840000000
12.24,15,2022,53080000000
12.24,16,2022,21510000000
12.24,17,2022,6610000000
12.24,1,2023,1428830000000
12.24,2,2023,158480000000
12.24,3,2023,5650000000
12.24,4,2023,3880000000
12.24,5,2023,1180000000
12.24,6,2023,215040000000
12.24,7,2023,271550000000
12.24,8,2023,42770000000
12.24,9,2023,68110000000
12.24,10,2023,12340000000
12.24,11,2023,48060000000
12.24,12,2023,84150000000
12.24,13,2023,1660000000
12.24,14,2023,158410000000
12.24,15,2023,55260000000
12.24,16,2023,22470000000
12.24,17,2023,6930000000
12.24,1,2024,1469480000000
12.24,2,2024,166330000000
12.24,3,2024,5880000000
12.24,4,2024,3940000000
12.24,5,2024,1200000000
12.24,6,2024,226980000000
12.24,7,2024,286360000000
12.24,8,2024,44310000000
12.24,9,2024,69500000000
12.24,10,2024,12800000000
12.24,11,2024,48940000000
12.24,12,2024,85260000000
12.24,13,2024,1680000000
12.24,14,2024,168510000000
12.24,15,2024,57020000000
12.24,16,2024,23450000000
12.24,17,2024,7280000000
12.24,1,2025,1516100000000
12.24,2,2025,167150000000
12.24,3,2025,6010000000
12.24,4,2025,4050000000
12.24,5,2025,1250000000
12.24,6,2025,230690000000
12.24,7,2025,305850000000
12.24,8,2025,45920000000
12.24,9,2025,74940000000
12.24,10,2025,13260000000
12.24,11,2025,50440000000
12.24,12,2025,86780000000
12.24,13,2025,1720000000
12.24,14,2025,174490000000
12.24,15,2025,59540000000
12.24,16,2025,24130000000
12.24,17,2025,7600000000
12.25,1,2021,744000000000
12.25,2,2021,43000000000
12.25,3,2021,3000000000
12.25,4,2021,2000000000
12.25,5,2021,
12.25,6,2021,109000000000
12.25,7,2021,152000000000
12.25,8,2021,19000000000
12.25,9,2021,21000000000
12.25,10,2021,7000000000
12.25,11,2021,23000000000
12.25,12,2021,31000000000
12.25,13,2021,1000000000
12.25,14,2021,96000000000
12.25,15,2021,24000000000
12.25,16,2021,9000000000
12.25,17,2021,3000000000
12.25,1,2022,766000000000
12.25,2,2022,44000000000
12.25,3,2022,3000000000
12.25,4,2022,2000000000
12.25,5,2022,
12.25,6,2022,112000000000
12.25,7,2022,159000000000
12.25,8,2022,20000000000
12.25,9,2022,22000000000
12.25,10,2022,7000000000
12.25,11,2022,23000000000
12.25,12,2022,32000000000
12.25,13,2022,1000000000
12.25,14,2022,96000000000
12.25,15,2022,25000000000
12.25,16,2022,9000000000
12.25,17,2022,3000000000
12.25,1,2023,786000000000
12.25,2,2023,48000000000
12.25,3,2023,3000000000
12.25,4,2023,2000000000
12.25,5,2023,
12.25,6,2023,119000000000
12.25,7,2023,167000000000
12.25,8,2023,21000000000
12.25,9,2023,23000000000
12.25,10,2023,7000000000
12.25,11,2023,25000000000
12.25,12,2023,33000000000
12.25,13,2023,1000000000
12.25,14,2023,99000000000
12.25,15,2023,26000000000
12.25,16,2023,10000000000
12.25,17,2023,3000000000
12.25,1,2024,811000000000
12.25,2,2024,50000000000
12.25,3,2024,3000000000
12.25,4,2024,2000000000
12.25,5,2024,
12.25,6,2024,126000000000
12.25,7,2024,175000000000
12.25,8,2024,21000000000
12.25,9,2024,24000000000
12.25,10,2024,8000000000
12.25,11,2024,25000000000
12.25,12,2024,34000000000
12.25,13,2024,1000000000
12.25,14,2024,105000000000
12.25,15,2024,27000000000
12.25,16,2024,10000000000
12.25,17,2024,3000000000
12.25,1,2025,834000000000
12.25,2,2025,51000000000
12.25,3,2025,3000000000
12.25,4,2025,2000000000
12.25,5,2025,
12.25,6,2025,126000000000
12.25,7,2025,177000000000
12.25,8,2025,23000000000
12.25,9,2025,25000000000
12.25,10,2025,8000000000
12.25,11,2025,26000000000
12.25,12,2025,36000000000
12.25,13,2025,1000000000
12.25,14,2025,105000000000
12.25,15,2025,28000000000
12.25,16,2025,10000000000
12.25,17,2025,4000000000
12.71,1,2021,1368460000000
12.71,2,2021,1900000000
12.71,3,2021,21013670000000
12.71,4,2021,185510000000
12.71,5,2021,304580000000
12.71,6,2021,31041000000000
12.71,7,2021,41676280000000
12.71,8,2021,8251010000000
12.71,9,2021,3609680000000
12.71,10,2021,12385500000000
12.71,11,2021,9770410000000
12.71,12,2021,12728950000000
12.71,13,2021,3630610000000
12.71,14,2021,2748300000000
12.71,15,2021,4830920000000
12.71,16,2021,2415720000000
12.71,17,2021,1726880000000
12.71,1,2022,1382730000000
12.71,2,2022,1930000000
12.71,3,2022,21473770000000
12.71,4,2022,191700000000
12.71,5,2022,314430000000
12.71,6,2022,31867940000000
12.71,7,2022,43670040000000
12.71,8,2022,9213510000000
12.71,9,2022,4000890000000
12.71,10,2022,13530970000000
12.71,11,2022,10024150000000
12.71,12,2022,13269610000000
12.71,13,2022,4025240000000
12.71,14,2022,2726730000000
12.71,15,2022,5003380000000
12.71,16,2022,2552290000000
12.71,17,2022,1870690000000
12.71,1,2023,1419750000000
12.71,2,2023,2020000000
12.71,3,2023,22045390000000
12.71,4,2023,197140000000
12.71,5,2023,320410000000
12.71,6,2023,33271800000000
12.71,7,2023,45976430000000
12.71,8,2023,10241820000000
12.71,9,2023,4507020000000
12.71,10,2023,14644500000000
12.71,11,2023,10267430000000
12.71,12,2023,13618720000000
12.71,13,2023,4337730000000
12.71,14,2023,2613260000000
12.71,15,2023,5316830000000
12.71,16,2023,2600470000000
12.71,17,2023,2064960000000
12.71,1,2024,1441820000000
12.71,2,2024,2050000000
12.71,3,2024,22751880000000
12.71,4,2024,208580000000
12.71,5,2024,323690000000
12.71,6,2024,35040390000000
12.71,7,2024,47341700000000
12.71,8,2024,11215520000000
12.71,9,2024,5160360000000
12.71,10,2024,15767340000000
12.71,11,2024,10614590000000
12.71,12,2024,14392380000000
12.71,13,2024,4735760000000
12.71,14,2024,2663240000000
12.71,15,2024,5589650000000
12.71,16,2024,2748830000000
12.71,17,2024,2244790000000
12.71,1,2025,1509740000000
12.71,2,2025,2120000000
12.71,3,2025,23411810000000
12.71,4,2025,209460000000
12.71,5,2025,350620000000
12.71,6,2025,34968510000000
12.71,7,2025,50841940000000
12.71,8,2025,12475660000000
12.71,9,2025,5325280000000
12.71,10,2025,16732930000000
12.71,11,2025,11046910000000
12.71,12,2025,15588410000000
12.71,13,2025,5264930000000
12.71,14,2025,2711710000000
12.71,15,2025,5753470000000
12.71,16,2025,2988090000000
12.71,17,2025,2358930000000
12.72,1,2021,162130000000
12.72,2,2021,960000000
12.72,3,2021,1915000000000
12.72,4,2021,30610000000
12.72,5,2021,29300000000
12.72,6,2021,847160000000
12.72,7,2021,2606610000000
12.72,8,2021,707560000000
12.72,9,2021,531160000000
12.72,10,2021,236440000000
12.72,11,2021,376830000000
12.72,12,2021,650920000000
12.72,13,2021,84170000000
12.72,14,2021,456880000000
12.72,15,2021,744380000000
12.72,16,2021,113690000000
12.72,17,2021,53900000000
12.72,1,2022,164250000000
12.72,2,2022,960000000
12.72,3,2022,1949050000000
12.72,4,2022,31860000000
12.72,5,2022,29830000000
12.72,6,2022,865220000000
12.72,7,2022,2757030000000
12.72,8,2022,729250000000
12.72,9,2022,563840000000
12.72,10,2022,242740000000
12.72,11,2022,390270000000
12.72,12,2022,669920000000
12.72,13,2022,87690000000
12.72,14,2022,456700000000
12.72,15,2022,765230000000
12.72,16,2022,118930000000
12.72,17,2022,56100000000
12.72,1,2023,164150000000
12.72,2,2023,980000000
12.72,3,2023,1929870000000
12.72,4,2023,32430000000
12.72,5,2023,30300000000
12.72,6,2023,926170000000
12.72,7,2023,2894540000000
12.72,8,2023,778790000000
12.72,9,2023,601900000000
12.72,10,2023,255620000000
12.72,11,2023,402890000000
12.72,12,2023,697780000000
12.72,13,2023,91450000000
12.72,14,2023,501580000000
12.72,15,2023,803170000000
12.72,16,2023,124800000000
12.72,17,2023,59420000000
12.72,1,2024,167130000000
12.72,2,2024,1000000000
12.72,3,2024,1905780000000
12.72,4,2024,32920000000
12.72,5,2024,30410000000
12.72,6,2024,985080000000
12.72,7,2024,3107970000000
12.72,8,2024,810580000000
12.72,9,2024,641940000000
12.72,10,2024,270510000000
12.72,11,2024,424410000000
12.72,12,2024,740800000000
12.72,13,2024,93850000000
12.72,14,2024,532400000000
12.72,15,2024,832020000000
12.72,16,2024,130760000000
12.72,17,2024,62420000000
12.72,1,2025,173430000000
12.72,2,2025,1000000000
12.72,3,2025,1923760000000
12.72,4,2025,33270000000
12.72,5,2025,30730000000
12.72,6,2025,1017830000000
12.72,7,2025,3347190000000
12.72,8,2025,851760000000
12.72,9,2025,681500000000
12.72,10,2025,275670000000
12.72,11,2025,435690000000
12.72,12,2025,772150000000
12.72,13,2025,95470000000
12.72,14,2025,525790000000
12.72,15,2025,845560000000
12.72,16,2025,135900000000
12.72,17,2025,63760000000
12.73,1,2021,677600000000
12.73,2,2021,100000000
12.73,3,2021,166990000000
12.73,4,2021,4840000000
12.73,5,2021,11500000000
12.73,6,2021,406920000000
12.73,7,2021,983130000000
12.73,8,2021,318660000000
12.73,9,2021,180150000000
12.73,10,2021,62630000000
12.73,11,2021,92270000000
12.73,12,2021,169160000000
12.73,13,2021,19410000000
12.73,14,2021,263540000000
12.73,15,2021,180330000000
12.73,16,2021,45580000000
12.73,17,2021,12890000000
12.73,1,2022,690930000000
12.73,2,2022,100000000
12.73,3,2022,173820000000
12.73,4,2022,5030000000
12.73,5,2022,11980000000
12.73,6,2022,414970000000
12.73,7,2022,1038770000000
12.73,8,2022,341790000000
12.73,9,2022,196120000000
12.73,10,2022,65940000000
12.73,11,2022,96650000000
12.73,12,2022,174400000000
12.73,13,2022,21130000000
12.73,14,2022,263200000000
12.73,15,2022,188550000000
12.73,16,2022,47770000000
12.73,17,2022,13940000000
12.73,1,2023,706560000000
12.73,2,2023,100000000
12.73,3,2023,180500000000
12.73,4,2023,5140000000
12.73,5,2023,12260000000
12.73,6,2023,431270000000
12.73,7,2023,1093740000000
12.73,8,2023,364760000000
12.73,9,2023,208050000000
12.73,10,2023,67870000000
12.73,11,2023,101160000000
12.73,12,2023,178610000000
12.73,13,2023,21970000000
12.73,14,2023,269760000000
12.73,15,2023,195800000000
12.73,16,2023,50360000000
12.73,17,2023,14500000000
12.73,1,2024,725190000000
12.73,2,2024,100000000
12.73,3,2024,187760000000
12.73,4,2024,5230000000
12.73,5,2024,12510000000
12.73,6,2024,443860000000
12.73,7,2024,1145550000000
12.73,8,2024,383700000000
12.73,9,2024,219420000000
12.73,10,2024,68510000000
12.73,11,2024,106320000000
12.73,12,2024,182400000000
12.73,13,2024,22940000000
12.73,14,2024,280470000000
12.73,15,2024,203620000000
12.73,16,2024,52610000000
12.73,17,2024,15110000000
12.73,1,2025,730150000000
12.73,2,2025,100000000
12.73,3,2025,192890000000
12.73,4,2025,5180000000
12.73,5,2025,12470000000
12.73,6,2025,443690000000
12.73,7,2025,1202340000000
12.73,8,2025,406420000000
12.73,9,2025,228700000000
12.73,10,2025,69800000000
12.73,11,2025,107670000000
12.73,12,2025,187350000000
12.73,13,2025,23980000000
12.73,14,2025,283410000000
12.73,15,2025,211530000000
12.73,16,2025,56140000000
12.73,17,2025,16150000000
12.74,1,2021,948740000000
12.74,2,2021,126230000000
12.74,3,2021,1172750000000
12.74,4,2021,43130000000
12.74,5,2021,10340000000
12.74,6,2021,851460000000
12.74,7,2021,1323480000000
12.74,8,2021,355240000000
12.74,9,2021,141160000000
12.74,10,2021,76330000000
12.74,11,2021,105410000000
12.74,12,2021,189710000000
12.74,13,2021,18340000000
12.74,14,2021,332780000000
12.74,15,2021,97490000000
12.74,16,2021,45100000000
12.74,17,2021,61120000000
12.74,1,2022,968260000000
12.74,2,2022,129280000000
12.74,3,2022,1205780000000
12.74,4,2022,45920000000
12.74,5,2022,10460000000
12.74,6,2022,868870000000
12.74,7,2022,1426720000000
12.74,8,2022,379150000000
12.74,9,2022,149400000000
12.74,10,2022,80290000000
12.74,11,2022,109370000000
12.74,12,2022,195440000000
12.74,13,2022,19660000000
12.74,14,2022,326790000000
12.74,15,2022,103190000000
12.74,16,2022,47420000000
12.74,17,2022,65040000000
12.74,1,2023,996310000000
12.74,2,2023,133650000000
12.74,3,2023,1260240000000
12.74,4,2023,46420000000
12.74,5,2023,10770000000
12.74,6,2023,907460000000
12.74,7,2023,1500720000000
12.74,8,2023,401340000000
12.74,9,2023,161360000000
12.74,10,2023,84650000000
12.74,11,2023,115000000000
12.74,12,2023,202540000000
12.74,13,2023,20600000000
12.74,14,2023,359140000000
12.74,15,2023,109420000000
12.74,16,2023,48830000000
12.74,17,2023,70300000000
12.74,1,2024,996200000000
12.74,2,2024,137670000000
12.74,3,2024,1365350000000
12.74,4,2024,48840000000
12.74,5,2024,11190000000
12.74,6,2024,958410000000
12.74,7,2024,1588420000000
12.74,8,2024,421990000000
12.74,9,2024,169600000000
12.74,10,2024,88780000000
12.74,11,2024,117050000000
12.74,12,2024,208850000000
12.74,13,2024,21270000000
12.74,14,2024,370430000000
12.74,15,2024,113280000000
12.74,16,2024,51940000000
12.74,17,2024,75080000000
12.74,1,2025,1009090000000
12.74,2,2025,141380000000
12.74,3,2025,1450690000000
12.74,4,2025,50540000000
12.74,5,2025,11600000000
12.74,6,2025,967790000000
12.74,7,2025,1712630000000
12.74,8,2025,457260000000
12.74,9,2025,181950000000
12.74,10,2025,92190000000
12.74,11,2025,120480000000
12.74,12,2025,223450000000
12.74,13,2025,22570000000
12.74,14,2025,370700000000
12.74,15,2025,119180000000
12.74,16,2025,54580000000
12.74,17,2025,79350000000
12.75,1,2021,255420000000
12.75,2,2021,244790000000
12.75,3,2021,868990000000
12.75,4,2021,14500000000
12.75,5,2021,9780000000
12.75,6,2021,947770000000
12.75,7,2021,2515010000000
12.75,8,2021,629630000000
12.75,9,2021,456900000000
12.75,10,2021,294640000000
12.75,11,2021,273240000000
12.75,12,2021,585140000000
12.75,13,2021,58060000000
12.75,14,2021,492610000000
12.75,15,2021,395640000000
12.75,16,2021,79420000000
12.75,17,2021,41220000000
12.75,1,2022,262340000000
12.75,2,2022,250470000000
12.75,3,2022,893790000000
12.75,4,2022,15450000000
12.75,5,2022,9840000000
12.75,6,2022,951960000000
12.75,7,2022,2652550000000
12.75,8,2022,666100000000
12.75,9,2022,500610000000
12.75,10,2022,316070000000
12.75,11,2022,288270000000
12.75,12,2022,614070000000
12.75,13,2022,62020000000
12.75,14,2022,490380000000
12.75,15,2022,404550000000
12.75,16,2022,82790000000
12.75,17,2022,42330000000
12.75,1,2023,269900000000
12.75,2,2023,254600000000
12.75,3,2023,922880000000
12.75,4,2023,16140000000
12.75,5,2023,10100000000
12.75,6,2023,980150000000
12.75,7,2023,2799230000000
12.75,8,2023,720730000000
12.75,9,2023,547940000000
12.75,10,2023,335190000000
12.75,11,2023,299950000000
12.75,12,2023,633280000000
12.75,13,2023,65870000000
12.75,14,2023,496880000000
12.75,15,2023,423830000000
12.75,16,2023,86620000000
12.75,17,2023,43840000000
12.75,1,2024,280530000000
12.75,2,2024,245930000000
12.75,3,2024,954300000000
12.75,4,2024,16590000000
12.75,5,2024,10150000000
12.75,6,2024,1010510000000
12.75,7,2024,2956150000000
12.75,8,2024,778960000000
12.75,9,2024,602250000000
12.75,10,2024,360090000000
12.75,11,2024,306880000000
12.75,12,2024,646180000000
12.75,13,2024,68600000000
12.75,14,2024,508390000000
12.75,15,2024,440100000000
12.75,16,2024,90310000000
12.75,17,2024,46170000000
12.75,1,2025,301910000000
12.75,2,2025,239590000000
12.75,3,2025,984900000000
12.75,4,2025,16810000000
12.75,5,2025,10660000000
12.75,6,2025,1010030000000
12.75,7,2025,3127370000000
12.75,8,2025,862920000000
12.75,9,2025,632040000000
12.75,10,2025,379900000000
12.75,11,2025,309810000000
12.75,12,2025,692670000000
12.75,13,2025,73710000000
12.75,14,2025,496970000000
12.75,15,2025,457440000000
12.75,16,2025,96080000000
12.75,17,2025,48800000000
12.76,1,2021,571300000000
12.76,2,2021,6890000000
12.76,3,2021,500450000000
12.76,4,2021,8180000000
12.76,5,2021,9400000000
12.76,6,2021,585590000000
12.76,7,2021,967980000000
12.76,8,2021,317770000000
12.76,9,2021,176030000000
12.76,10,2021,118940000000
12.76,11,2021,198610000000
12.76,12,2021,323900000000
12.76,13,2021,16770000000
12.76,14,2021,398560000000
12.76,15,2021,250910000000
12.76,16,2021,47400000000
12.76,17,2021,40260000000
12.76,1,2022,59330000000
12.76,2,2022,7140000000
12.76,3,2022,506610000000
12.76,4,2022,8550000000
12.76,5,2022,9720000000
12.76,6,2022,598490000000
12.76,7,2022,1007660000000
12.76,8,2022,347420000000
12.76,9,2022,190150000000
12.76,10,2022,130060000000
12.76,11,2022,206880000000
12.76,12,2022,339060000000
12.76,13,2022,17760000000
12.76,14,2022,398910000000
12.76,15,2022,263250000000
12.76,16,2022,51620000000
12.76,17,2022,43690000000
12.76,1,2023,61180000000
12.76,2,2023,7470000000
12.76,3,2023,503920000000
12.76,4,2023,8610000000
12.76,5,2023,9920000000
12.76,6,2023,615500000000
12.76,7,2023,1050010000000
12.76,8,2023,368520000000
12.76,9,2023,200500000000
12.76,10,2023,140640000000
12.76,11,2023,217690000000
12.76,12,2023,351940000000
12.76,13,2023,19190000000
12.76,14,2023,411690000000
12.76,15,2023,283150000000
12.76,16,2023,55060000000
12.76,17,2023,47750000000
12.76,1,2024,61420000000
12.76,2,2024,7600000000
12.76,3,2024,494230000000
12.76,4,2024,8790000000
12.76,5,2024,10140000000
12.76,6,2024,623690000000
12.76,7,2024,1116320000000
12.76,8,2024,377340000000
12.76,9,2024,213360000000
12.76,10,2024,148180000000
12.76,11,2024,226670000000
12.76,12,2024,363590000000
12.76,13,2024,19900000000
12.76,14,2024,426440000000
12.76,15,2024,293480000000
12.76,16,2024,57680000000
12.76,17,2024,50710000000
12.76,1,2025,63270000000
12.76,2,2025,7680000000
12.76,3,2025,498160000000
12.76,4,2025,8780000000
12.76,5,2025,9960000000
12.76,6,2025,641690000000
12.76,7,2025,1190610000000
12.76,8,2025,385470000000
12.76,9,2025,224850000000
12.76,10,2025,150810000000
12.76,11,2025,227860000000
12.76,12,2025,370190000000
12.76,13,2025,20110000000
12.76,14,2025,425180000000
12.76,15,2025,300300000000
12.76,16,2025,59300000000
12.76,17,2025,53510000000
12.77,1,2021,505470000000
12.77,2,2021,19980000000
12.77,3,2021,162240000000
12.77,4,2021,10480000000
12.77,5,2021,9090000000
12.77,6,2021,516350000000
12.77,7,2021,990690000000
12.77,8,2021,283990000000
12.77,9,2021,269680000000
12.77,10,2021,155330000000
12.77,11,2021,241240000000
12.77,12,2021,181240000000
12.77,13,2021,20780000000
12.77,14,2021,409620000000
12.77,15,2021,498280000000
12.77,16,2021,53150000000
12.77,17,2021,19180000000
12.77,1,2022,524250000000
12.77,2,2022,20770000000
12.77,3,2022,166310000000
12.77,4,2022,10980000000
12.77,5,2022,9250000000
12.77,6,2022,537370000000
12.77,7,2022,1046480000000
12.77,8,2022,305730000000
12.77,9,2022,297890000000
12.77,10,2022,168540000000
12.77,11,2022,248720000000
12.77,12,2022,188660000000
12.77,13,2022,21520000000
12.77,14,2022,407150000000
12.77,15,2022,524750000000
12.77,16,2022,55250000000
12.77,17,2022,20390000000
12.77,1,2023,545010000000
12.77,2,2023,21860000000
12.77,3,2023,169200000000
12.77,4,2023,11200000000
12.77,5,2023,9370000000
12.77,6,2023,557810000000
12.77,7,2023,1118120000000
12.77,8,2023,322100000000
12.77,9,2023,322900000000
12.77,10,2023,183420000000
12.77,11,2023,259110000000
12.77,12,2023,192650000000
12.77,13,2023,21700000000
12.77,14,2023,406610000000
12.77,15,2023,564890000000
12.77,16,2023,57900000000
12.77,17,2023,21810000000
12.77,1,2024,556060000000
12.77,2,2024,23370000000
12.77,3,2024,178200000000
12.77,4,2024,11500000000
12.77,5,2024,9620000000
12.77,6,2024,540970000000
12.77,7,2024,1190720000000
12.77,8,2024,345490000000
12.77,9,2024,349230000000
12.77,10,2024,196280000000
12.77,11,2024,274600000000
12.77,12,2024,204200000000
12.77,13,2024,22870000000
12.77,14,2024,435070000000
12.77,15,2024,602980000000
12.77,16,2024,60960000000
12.77,17,2024,23090000000
12.77,1,2025,578280000000
12.77,2,2025,24550000000
12.77,3,2025,185540000000
12.77,4,2025,11850000000
12.77,5,2025,9880000000
12.77,6,2025,537940000000
12.77,7,2025,1267950000000
12.77,8,2025,369570000000
12.77,9,2025,366790000000
12.77,10,2025,205430000000
12.77,11,2025,286970000000
12.77,12,2025,212010000000
12.77,13,2025,23610000000
12.77,14,2025,444550000000
12.77,15,2025,655240000000
12.77,16,2025,63860000000
12.77,17,2025,23660000000
12.78,1,2021,507940000000
12.78,2,2021,92110000000
12.78,3,2021,6290000000
12.78,4,2021,4260000000
12.78,5,2021,3700000000
12.78,6,2021,691200000000
12.78,7,2021,1026200000000
12.78,8,2021,286490000000
12.78,9,2021,126220000000
12.78,10,2021,84590000000
12.78,11,2021,114330000000
12.78,12,2021,163550000000
12.78,13,2021,9830000000
12.78,14,2021,163250000000
12.78,15,2021,204740000000
12.78,16,2021,23390000000
12.78,17,2021,11050000000
12.78,1,2022,519330000000
12.78,2,2022,94240000000
12.78,3,2022,6490000000
12.78,4,2022,4460000000
12.78,5,2022,3740000000
12.78,6,2022,697520000000
12.78,7,2022,1062410000000
12.78,8,2022,307340000000
12.78,9,2022,134020000000
12.78,10,2022,90370000000
12.78,11,2022,118810000000
12.78,12,2022,168600000000
12.78,13,2022,10260000000
12.78,14,2022,163230000000
12.78,15,2022,211480000000
12.78,16,2022,24550000000
12.78,17,2022,11670000000
12.78,1,2023,529740000000
12.78,2,2023,96870000000
12.78,3,2023,6870000000
12.78,4,2023,4600000000
12.78,5,2023,3820000000
12.78,6,2023,711930000000
12.78,7,2023,1106860000000
12.78,8,2023,332800000000
12.78,9,2023,142750000000
12.78,10,2023,94750000000
12.78,11,2023,124960000000
12.78,12,2023,172790000000
12.78,13,2023,10660000000
12.78,14,2023,167960000000
12.78,15,2023,217550000000
12.78,16,2023,25380000000
12.78,17,2023,12290000000
12.78,1,2024,540330000000
12.78,2,2024,98960000000
12.78,3,2024,7160000000
12.78,4,2024,4760000000
12.78,5,2024,3900000000
12.78,6,2024,739730000000
12.78,7,2024,1158910000000
12.78,8,2024,348300000000
12.78,9,2024,148650000000
12.78,10,2024,98760000000
12.78,11,2024,129530000000
12.78,12,2024,178590000000
12.78,13,2024,11060000000
12.78,14,2024,175820000000
12.78,15,2024,223020000000
12.78,16,2024,26710000000
12.78,17,2024,12690000000
12.78,1,2025,548850000000
12.78,2,2025,102110000000
12.78,3,2025,7530000000
12.78,4,2025,4820000000
12.78,5,2025,3970000000
12.78,6,2025,738580000000
12.78,7,2025,1230940000000
12.78,8,2025,365690000000
12.78,9,2025,158940000000
12.78,10,2025,97100000000
12.78,11,2025,134630000000
12.78,12,2025,187020000000
12.78,13,2025,11600000000
12.78,14,2025,174410000000
12.78,15,2025,233250000000
12.78,16,2025,28080000000
12.78,17,2025,13360000000
