kab_id,provinsi_id,nama_kabupaten,latitude,longitude
1101,11,KAB. ACEH SELATAN,3.25480164,97.17411234
1102,11,KAB. ACEH TENGGARA,3.47335985,97.81924348
1103,11,KAB. ACEH TIMUR,4.93273689,97.78384436
1104,11,KAB. ACEH TENGAH,4.62205719,96.84566791
1105,11,KAB. ACEH BARAT,4.15301022,96.13144067
1106,11,KAB. ACEH BESAR,5.29733955,95.61087104
1107,11,KAB. PIDIE,5.36760046,95.95788011
1108,11,KAB. ACEH UTARA,5.07571569,97.30262387
1109,11,KAB. SIMEULUE,2.46141255,96.38037740
1110,11,KAB. ACEH SINGKIL,2.27109397,97.81532537
1111,11,KAB. BIREUEN,5.20756489,96.72640340
1112,11,KAB. ACEH BARAT DAYA,3.73910333,96.85150507
1113,11,KAB. GAYO LUES,3.99346518,97.32450169
1114,11,KAB. ACEH JAYA,4.62413183,95.61681174
1115,11,KAB. NAGAN RAYA,4.16942681,96.32437394
1116,11,KAB. ACEH TAMIANG,4.30127576,98.04571548
1117,11,KAB. BENER MERIAH,4.70276211,96.86195267
1118,11,KAB. PIDIE JAYA,5.22889944,96.24475688
1171,11,KOTA BANDA ACEH,5.55004986,95.31782670
1172,11,KOTA SABANG,5.89265638,95.32111720
1173,11,KOTA LHOKSEUMAWE,5.17936362,97.14894011
1174,11,KOTA LANGSA,4.46948211,97.96644605
1175,11,KOTA SUBULUSSALAM,2.67079176,97.99301167
1201,12,KAB. TAPANULI TENGAH,1.68469034,98.82771720
1202,12,KAB. TAPANULI UTARA,2.02184966,98.96179137
1203,12,KAB. TAPANULI SELATAN,1.51966193,99.30284312
1204,12,KAB. NIAS,1.24175450,97.64991803
1205,12,KAB. LANGKAT,3.74268648,98.44753522
1206,12,KAB. KARO,3.11067969,98.50133488
1207,12,KAB. DELI SERDANG,3.55071894,98.86644224
1208,12,KAB. SIMALUNGUN,2.96534861,98.86209970
1209,12,KAB. ASAHAN,2.98810578,99.61283579
1210,12,KAB. LABUHANBATU,2.07009000,99.85708629
1211,12,KAB. DAIRI,2.74796726,98.31396935
1212,12,KAB. TOBA SAMOSIR,2.33180094,99.05102147
1213,12,KAB. MANDAILING NATAL,0.79672626,99.57880901
1214,12,KAB. NIAS SELATAN,0.58337732,97.77788469
1215,12,KAB. PAKPAK BHARAT,2.54105418,98.32258850
1216,12,KAB. HUMBANG HASUNDUTAN,2.25027929,98.79045401
1217,12,KAB. SAMOSIR,2.55987089,98.72238865
1218,12,KAB. SERDANG BEDAGAI,3.49126509,99.12592028
1219,12,KAB. BATU BARA,3.17177519,99.42098071
1220,12,KAB. PADANG LAWAS UTARA,1.49454939,99.61970881
1221,12,KAB. PADANG LAWAS,1.05558978,99.77552009
1222,12,KAB. LABUHANBATU SELATAN,1.86822117,100.04114556
1223,12,KAB. LABUHANBATU UTARA,2.56284879,99.65806864
1224,12,KAB. NIAS UTARA,1.38932243,97.38136186
1225,12,KAB. NIAS BARAT,0.99896255,97.49525171
1271,12,KOTA MEDAN,3.59024553,98.67497243
1272,12,KOTA PEMATANGSIANTAR,2.95649628,99.06182099
1273,12,KOTA SIBOLGA,1.74602064,98.77558765
1274,12,KOTA TANJUNG BALAI,2.94775446,99.76671856
1275,12,KOTA BINJAI,3.60297746,98.48318147
1276,12,KOTA TEBING TINGGI,3.32756511,99.16631752
1277,12,KOTA PADANG SIDEMPUAN,1.37764517,99.27144602
1278,12,KOTA GUNUNGSITOLI,1.28264056,97.61346303
1301,13,KAB. PESISIR SELATAN,-1.34801575,100.57771703
1302,13,KAB. SOLOK,-0.95157096,100.62136386
1303,13,KAB. SIJUNJUNG,-0.66578146,100.94461004
1304,13,KAB. TANAH DATAR,-0.47436500,100.62341833
1305,13,KAB. PADANG PARIAMAN,-0.62099815,100.30654187
1306,13,KAB. AGAM,-0.31519324,100.02965550
1307,13,KAB. LIMA PULUH KOTA,-0.15239397,100.66073827
1308,13,KAB. PASAMAN,0.14039089,100.16698745
1309,13,KAB. KEPULAUAN MENTAWAI,-2.05415590,99.58047028
1310,13,KAB. DHARMASRAYA,-0.95298560,101.49411275
1311,13,KAB. SOLOK SELATAN,-1.55622109,101.23950314
1312,13,KAB. PASAMAN BARAT,0.11037800,99.82778739
1371,13,KOTA PADANG,-0.87587704,100.38728839
1372,13,KOTA SOLOK,-0.79948147,100.65278211
1373,13,KOTA SAWAHLUNTO,-0.67503725,100.76750126
1374,13,KOTA PADANG PANJANG,-0.46211898,100.39039861
1375,13,KOTA BUKITTINGGI,-0.28546527,100.36780701
1376,13,KOTA PAYAKUMBUH,-0.22251751,100.63197811
1377,13,KOTA PARIAMAN,-0.62898996,100.13771344
1401,14,KAB. KAMPAR,0.31389180,101.01798895
1402,14,KAB. INDRAGIRI HULU,-0.39300278,102.43757197
1403,14,KAB. BENGKALIS,1.47319224,102.11333539
1404,14,KAB. INDRAGIRI HILIR,-0.31519069,103.15785005
1405,14,KAB. PELALAWAN,0.38378706,101.84195756
1406,14,KAB. ROKAN HULU,0.89970931,100.30741018
1407,14,KAB. ROKAN HILIR,2.09949396,100.81765082
1408,14,KAB. SIAK,0.80453922,102.02031850
1409,14,KAB. KUANTAN SINGINGI,-0.50530085,101.53807726
1410,14,KAB. KEPULAUAN MERANTI,1.00070345,102.72568180
1471,14,KOTA PEKANBARU,0.51341882,101.44702176
1472,14,KOTA DUMAI,1.60541068,101.39165976
1501,15,KAB. KERINCI,-2.05736254,101.38846557
1502,15,KAB. MERANGIN,-2.06006071,102.27432945
1503,15,KAB. SAROLANGUN,-2.31321561,102.75041232
1504,15,KAB. BATANGHARI,-1.69360931,103.27299563
1505,15,KAB. MUARO JAMBI,-1.44825121,103.51549566
1506,15,KAB. TANJUNG JABUNG BARAT,-0.82670106,103.46121376
1507,15,KAB. TANJUNG JABUNG TIMUR,-1.20622882,103.79042842
1508,15,KAB. BUNGO,-1.51631570,102.11868862
1509,15,KAB. TEBO,-1.46621592,102.35827578
1571,15,KOTA JAMBI,-1.63050134,103.60727025
1572,15,KOTA SUNGAI PENUH,-2.07090982,101.39607811
1601,16,KAB. OGAN KOMERING ULU,-4.16571001,104.19777124
1602,16,KAB. OGAN KOMERING ILIR,-3.41164612,104.82302048
1603,16,KAB. MUARA ENIM,-3.65563031,103.77700426
1604,16,KAB. LAHAT,-3.77818587,103.55048129
1605,16,KAB. MUSI RAWAS,-3.24350766,103.01158628
1606,16,KAB. MUSI BANYUASIN,-2.88884282,103.84022898
1607,16,KAB. BANYUASIN,-2.91681147,104.40664162
1608,16,KAB. OGAN KOMERING ULUTIMUR,-4.36878084,104.35844673
1609,16,KAB. OGAN KOMERING ULUSELATAN,-4.53232422,104.09536192
1610,16,KAB. OGAN ILIR,-3.26058398,104.65253471
1611,16,KAB. EMPAT LAWANG,-3.60984367,103.10276374
1612,16,KAB. PENUKAL ABAB LEMATANGILIR,-3.30987401,103.88405107
1613,16,KAB. MUSI RAWAS UTARA,-2.73468953,102.90112671
1671,16,KOTA PALEMBANG,-2.99104617,104.75675099
1672,16,KOTA PAGAR ALAM,-4.03932164,103.19702047
1673,16,KOTA LUBUK LINGGAU,-3.32584155,102.82538717
1674,16,KOTA PRABUMULIH,-3.36893840,104.30842635
1701,17,KAB. BENGKULU SELATAN,-4.43993530,102.89520238
1702,17,KAB. REJANG LEBONG,-3.47796391,102.53188573
1703,17,KAB. BENGKULU UTARA,-3.43685803,102.20178631
1704,17,KAB. KAUR,-4.75911022,103.34909985
1705,17,KAB. SELUMA,-4.07762993,102.55625382
1706,17,KAB. MUKO MUKO,-2.55276312,101.10421400
1707,17,KAB. LEBONG,-3.15744856,102.18284673
1708,17,KAB. KEPAHIANG,-3.62510921,102.55634521
1709,17,KAB. BENGKULU TENGAH,-3.77285541,102.38999043
1771,17,KOTA BENGKULU,-3.79284510,102.26076410
1801,18,KAB. LAMPUNG SELATAN,-5.71767607,105.58534802
1802,18,KAB. LAMPUNG TENGAH,-4.97724674,105.21014035
1803,18,KAB. LAMPUNG UTARA,-4.82919012,104.88744460
1804,18,KAB. LAMPUNG BARAT,-5.01897460,104.06076281
1805,18,KAB. TULANG BAWANG,-4.49499675,105.22021204
1806,18,KAB. TANGGAMUS,-5.48067466,104.68229977
1807,18,KAB. LAMPUNG TIMUR,-5.04818326,105.52825470
1808,18,KAB. WAY KANAN,-4.50618207,104.51131398
1809,18,KAB. PESAWARAN,-5.39753302,105.07010811
1810,18,KAB. PRINGSEWU,-5.34424194,105.00640246
1811,18,KAB. MESUJI,-3.87316279,105.42787851
1812,18,KAB. TULANG BAWANG BARAT,-4.49940746,105.11989991
1813,18,KAB. PESISIR BARAT,-5.18842534,103.93458368
1871,18,KOTA BANDAR LAMPUNG,-5.42957921,105.26256765
1872,18,KOTA METRO,-5.11368873,105.30690431
1901,19,KAB. BANGKA,-1.88731080,106.10482720
1902,19,KAB. BELITUNG,-2.74230835,107.65431550
1903,19,KAB. BANGKA SELATAN,-3.01974732,106.51174671
1904,19,KAB. BANGKA TENGAH,-2.51534926,106.41589404
1905,19,KAB. BANGKA BARAT,-2.05861029,105.20138133
1906,19,KAB. BELITUNG TIMUR,-2.88334649,108.23930393
1971,19,KOTA PANGKAL PINANG,-2.14097944,106.11591390
2101,21,KAB. BINTAN,1.08670443,104.50214507
2102,21,KAB. KARIMUN,1.03297813,103.37578136
2103,21,KAB. NATUNA,3.92344404,108.33693185
2104,21,KAB. LINGGA,-0.20999287,104.60465900
2105,21,KAB. KEPULAUAN ANAMBAS,3.21454587,106.24870240
2171,21,KOTA BATAM,1.12874528,104.05533324
2172,21,KOTA TANJUNG PINANG,0.96534297,104.44098651
