kec_id,kab_id,nama_kecamatan
110101,1101,Bakongan
110102,1101,Kluet Utara
110103,1101,Kluet Selatan
110104,1101,Labuhan Haji
110105,1101,Meukek
110106,1101,Samadua
110107,1101,Sawang
110108,1101,Tapaktuan
110109,1101,Trumon
110110,1101,Pasi Raja
110111,1101,Labuhan Haji Timur
110112,1101,Labuhan Haji Barat
110113,1101,Kluet Tengah
110114,1101,Kluet Timur
110115,1101,Bakongan Timur
110116,1101,Trumon Timur
110117,1101,Kota Bahagia
110118,1101,Trumon Tengah
110201,1102,Lawe Alas
110202,1102,Lawe Sigala-Gala
110203,1102,Bambel
110204,1102,Babussalam
110205,1102,Badar
110206,1102,Babul Makmur
110207,1102,Darul Hasanah
110208,1102,Lawe Bulan
110209,1102,Bukit Tusam
110210,1102,Semadam
110211,1102,Babul Rahmah
110212,1102,Ketambe
110213,1102,Deleng Pokhkisen
110214,1102,Lawe Sumur
110215,1102,Tanoh Alas
110216,1102,Leuser
110301,1103,Darul Aman
110302,1103,Julok
110303,1103,Idi Rayeuk
110304,1103,Birem Bayeun
110305,1103,Serbajadi
110306,1103,Nurussalam
110307,1103,Peureulak
110308,1103,Rantau Selamat
110309,1103,Simpang Ulim
110310,1103,Rantau Peureulak
110311,1103,Pante Bidari
110312,1103,Madat
110313,1103,Indra Makmu
110314,1103,Idi Tunong
110315,1103,Banda Alam
110316,1103,Peudawa
110317,1103,Peureulak Timur
110318,1103,Peureulak Barat
110319,1103,Sungai Raya
110320,1103,Simpang Jernih
110321,1103,Darul Ihsan
110322,1103,Darul Falah
110323,1103,Idi Timur
110324,1103,Peunaron
110401,1104,Linge
110402,1104,Silih Nara
110403,1104,Bebesen
110407,1104,Pegasing
110408,1104,Bintang
110410,1104,Ketol
110411,1104,Kebayakan
110412,1104,Kute Panang
110413,1104,Celala
110417,1104,Laut Tawar
110418,1104,Atu Lintang
110419,1104,Jagong Jeget
110420,1104,Bies
110421,1104,Rusip Antara
110501,1105,Johan Pahwalan
110502,1105,Kaway XVI
110503,1105,Sungai Mas
110504,1105,Woyla
110505,1105,Samatiga
110506,1105,Bubon
110507,1105,Arongan Lambalek
110508,1105,Pante Ceureumen
110509,1105,Meureubo
110510,1105,Woyla Barat
110511,1105,Woyla Timur
110512,1105,Panton Reu
110601,1106,Lhoong
110602,1106,Lhoknga
110603,1106,Indrapuri
110604,1106,Seulimeum
110605,1106,Montasik
110606,1106,Sukamakmur
110607,1106,Darul Imarah
110608,1106,Peukan Bada
110609,1106,Mesjid Raya
110610,1106,Ingin Jaya
110611,1106,Kuta Baro
110612,1106,Darussalam
110613,1106,Pulo Aceh
110614,1106,Lembah Seulawah
110615,1106,Kota Jantho
110616,1106,Kota Cot Glie
110617,1106,Kuta Malaka
110618,1106,Simpang Tiga
110619,1106,Darul Kamal
110620,1106,Baitussalam
110621,1106,Krueng Barona Jaya
110622,1106,Leupung
110623,1106,Blang Bintang
110703,1107,Batee
110704,1107,Delima
110705,1107,Geumpang
110706,1107,Geulumpang Tiga
110707,1107,Indra Jaya
110708,1107,Kembang Tanjong
110709,1107,Kota Sigli
110711,1107,Mila
110712,1107,Muara Tiga
110713,1107,Mutiara
110714,1107,Padang Tiji
110715,1107,Peukan Baro
110716,1107,Pidie
110717,1107,Sakti
110718,1107,Simpang Tiga
110719,1107,Tangse
110721,1107,Tiro/Truseb
110722,1107,Keumala
110724,1107,Mutiara Timur
110725,1107,Grong-grong
110727,1107,Mane
110729,1107,Glumpang Baro
110731,1107,Titeue
110801,1108,Baktiya
110802,1108,Dewantara
110803,1108,Kuta Makmur
110804,1108,Lhoksukon
110805,1108,Matangkuli
110806,1108,Muara Batu
110807,1108,Meurah Mulia
110808,1108,Samudera
110809,1108,Seunuddon
110810,1108,Syamtalira Aron
110811,1108,Syamtalira Bayu
110812,1108,Tanah Luas
110813,1108,Tanah Pasir
110814,1108,T. Jambo Aye
110815,1108,Sawang
110816,1108,Nisam
110817,1108,Cot Girek
110818,1108,Langkahan
110819,1108,Baktiya Barat
110820,1108,Paya Bakong
110821,1108,Nibong
110822,1108,Simpang Kramat
110823,1108,Lapang
110824,1108,Pirak Timur
110825,1108,Geuredong Pase
110826,1108,Banda Baro
110827,1108,Nisam Antara
110901,1109,Simeulue Tengah
110902,1109,Salang
110903,1109,Teupah Barat
110904,1109,Simeulue Timur
110905,1109,Teluk Dalam
110906,1109,Simeulue Barat
110907,1109,Teupah Selatan
110908,1109,Alapan
110909,1109,Teupah Tengah
110910,1109,Simeulue Cut
111001,1110,Pulau Banyak
111002,1110,Simpang Kanan
111004,1110,Singkil
111006,1110,Gunung Meriah
111009,1110,Kota Baharu
111010,1110,Singkil Utara
111011,1110,Danau Paris
111012,1110,Suro Makmur
111013,1110,Singkohor
111014,1110,Kuala Baru
111016,1110,Pulau Banyak Barat
111101,1111,Samalanga
111102,1111,Jeunieb
111103,1111,Peudada
111104,1111,Jeumpa
111105,1111,Peusangan
111106,1111,Makmur
111107,1111,Gandapura
111108,1111,Pandrah
111109,1111,Juli
111110,1111,Jangka
111111,1111,Simpang Mamplam
111112,1111,Peulimbang
111113,1111,Kota Juang
111114,1111,Kuala
111115,1111,Peusangan Siblah Krueng
111116,1111,Peusangan Selatan
111117,1111,Kuta Blang
111201,1112,Blang Pidie
111202,1112,Tangan-Tangan
111203,1112,Manggeng
111204,1112,Susoh
111205,1112,Kuala Batee
111206,1112,Babah Rot
111207,1112,Setia
111208,1112,Jeumpa
111209,1112,Lembah Sabil
111301,1113,Blangkejeren
111302,1113,Kutapanjang
111303,1113,Rikit Gaib
111304,1113,Terangun
111305,1113,Pining
111306,1113,Blangpegayon
111307,1113,Puteri Betung
111308,1113,Dabun Gelang
111309,1113,Blangjerango
111310,1113,Teripe Jaya
111311,1113,Pantan Cuaca
111401,1114,Teunom
111402,1114,Krueng Sabee
111403,1114,Setia Bhakti
111404,1114,Sampoiniet
111405,1114,Jaya
111406,1114,Panga
111407,1114,Indra Jaya
111408,1114,Darul Hikmah
111409,1114,Pasie Raya
111501,1115,Kuala
111502,1115,Seunagan
111503,1115,Seunagan Timur
111504,1115,Beutong
111505,1115,Darul Makmur
111506,1115,Suka Makmue
111507,1115,Kuala Pesisir
111508,1115,Tadu Raya
111509,1115,Tripa Makmur
111510,1115,Beutong Ateuh Banggalang
111601,1116,Manyak Payed
111602,1116,Bendahara
111603,1116,Karang Baru
111604,1116,Seruway
111605,1116,Kota Kualasinpang
111606,1116,Kejuruan Muda
111607,1116,Tamiang Hulu
111608,1116,Rantau
111609,1116,Banda Mulia
111610,1116,Bandar Pusaka
111611,1116,Tenggulun
111612,1116,Sekerak
111701,1117,Pintu Rime Gayo
111702,1117,Permata
111703,1117,Syiah Utama
111704,1117,Bandar
111705,1117,Bukit
111706,1117,Wih Pesam
111707,1117,Timang gajah
111708,1117,Bener Kelipah
111709,1117,Mesidah
111710,1117,Gajah Putih
111801,1118,Meureudu
111802,1118,Ulim
111803,1118,Jangka Buaya
111804,1118,Bandar Dua
111805,1118,Meurah Dua
111806,1118,Bandar Baru
111807,1118,Panteraja
111808,1118,Trienggadeng
117101,1171,Baiturrahman
117102,1171,Kuta Alam
117103,1171,Meuraxa
117104,1171,Syiah Kuala
117105,1171,Lueng Bata
117106,1171,Kuta Raja
117107,1171,Banda Raya
117108,1171,Jaya Baru
117109,1171,Ulee Kareng
117201,1172,Sukakarya
117202,1172,Sukajaya
117301,1173,Muara Dua
117302,1173,Banda Sakti
117303,1173,Blang Mangat
117304,1173,Muara Satu
117401,1174,Langsa Timur
117402,1174,Langsa Barat
117403,1174,Langsa Kota
117404,1174,Langsa Lama
117405,1174,Langsa Baro
117501,1175,Simpang Kiri
117502,1175,Penanggalan
117503,1175,Rundeng
117504,1175,Sultan Daulat
117505,1175,Longkib
120101,1201,Barus
120102,1201,Sorkam
120103,1201,Pandan
120104,1201,Pinangsori
120105,1201,Manduamas
120106,1201,Kolang
120107,1201,Tapian Nauli
120108,1201,Sibabangun
120109,1201,Sosorgadong
120110,1201,Sorkam Barat
120111,1201,Sirandorung
120112,1201,Andam Dewi
120113,1201,Sitahuis
120114,1201,Tukka
120115,1201,Badiri
120116,1201,Pasaribu Tobing
120117,1201,Barus Utara
120118,1201,Suka Bangun
120119,1201,Lumut
120120,1201,Sarudik
120201,1202,Tarutung
120202,1202,Siatas Barita
120203,1202,Adian Koting
120204,1202,Sipoholon
120205,1202,Pahae Julu
120206,1202,Pahae Jae
120207,1202,Simangumban
120208,1202,Purba Tua
120209,1202,Siborong-Borong
120210,1202,Pagaran
120211,1202,Parmonangan
120212,1202,Sipahutar
120213,1202,Pangaribuan
120214,1202,Garoga
120215,1202,Muara
120301,1203,Angkola Barat
120302,1203,Batang Toru
120303,1203,Angkola Timur
120304,1203,Sipirok
120305,1203,Saipar Dolok Hole
120306,1203,Angkola Selatan
120307,1203,Batang Angkola
120314,1203,Arse
120320,1203,Marancar
120321,1203,Sayur Matinggi
120322,1203,Aek Bilah
120329,1203,Muara Batang Toru
120330,1203,Tano Tombangan Angkola
120331,1203,Angkola Sangkunur
120332,1203,Angkola Muara Tais
120405,1204,Hiliduho
120406,1204,Gido
120410,1204,Idanogawo
120411,1204,Bawolato
120420,1204,Hiliserangkai
120421,1204,Botomuzoi
120427,1204,Ulugawo
120428,1204,Ma'u
120429,1204,Somolo-molo
120435,1204,Sogae'adu
120501,1205,Bahorok
120502,1205,Salapian
120503,1205,Kuala
120504,1205,Sei Bingai
120505,1205,Binjai
120506,1205,Selesai
120507,1205,Stabat
120508,1205,Wampu
120509,1205,Secanggang
120510,1205,Hinai
120511,1205,Tanjung Pura
120512,1205,Padang Tualang
120513,1205,Gebang
120514,1205,Babalan
120515,1205,Pangkalan Susu
120516,1205,Besitang
120517,1205,Sei Lepan
120518,1205,Berandan Barat
120519,1205,Batang Serangan
120520,1205,Sawit Seberang
120521,1205,Sirapit
120522,1205,Kutambaru
120523,1205,Pematang Jaya
120601,1206,Kabanjahe
120602,1206,Berastagi
120603,1206,Barusjahe
120604,1206,Tigapanah
120605,1206,Merek
120606,1206,Munte
120607,1206,Juhar
120608,1206,Tigabinanga
120609,1206,Laubaleng
120610,1206,Mardingding
120611,1206,Payung
120612,1206,Simpang Empat
120613,1206,Kutabuluh
120614,1206,Dolat Rayat
120615,1206,Merdeka
120616,1206,Naman Teran
120617,1206,Tiganderket
120701,1207,Gunung Meriah
120702,1207,Tanjung Morawa
120703,1207,Sibolangit
120704,1207,Kutalimbaru
120705,1207,Pancur Batu
120706,1207,Namorambe
120707,1207,Sibiru-biru
120708,1207,STM Hilir
120709,1207,Bangun Purba
120719,1207,Galang
120720,1207,STM Hulu
120721,1207,Patumbak
120722,1207,Deli Tua
120723,1207,Sunggal
120724,1207,Hamparan Perak
120725,1207,Labuhan Deli
120726,1207,Percut Sei Tuan
120727,1207,Batang Kuis
120728,1207,Lubuk Pakam
120731,1207,Pagar Merbau
120732,1207,Pantai Labu
120733,1207,Beringin
120801,1208,Siantar
120802,1208,Gunung Malela
120803,1208,Gunung Maligas
120804,1208,Panei
120805,1208,Panombeian Pane
120806,1208,Jorlang Hataran
120807,1208,Raya Kahean
120808,1208,Bosar Maligas
120809,1208,Sidamanik
120810,1208,Pematang Sidamanik
120811,1208,Tanah Jawa
120812,1208,Hatonduhan
120813,1208,Dolok Panribuan
120814,1208,Purba
120815,1208,Haranggaol Horison
120816,1208,Girsang Sipangan Bolon
120817,1208,Dolok Batu Nanggar
120818,1208,Huta Bayu Raja
120819,1208,Jawa Maraja Bah Jambi
120820,1208,Dolok Pardamean
120821,1208,Pematang Bandar
120822,1208,Bandar Huluan
120823,1208,Bandar
120824,1208,Bandar Masilam
120825,1208,Silimakuta
120826,1208,Dolok Silau
120827,1208,Silou Kahean
120828,1208,Tapian Dolok
120829,1208,Raya
120830,1208,Ujung Padang
120831,1208,Pamatang Silima Huta
120832,1208,Dolog Masagal
120908,1209,Meranti
120909,1209,Air Joman
120910,1209,Tanjung Balai
120911,1209,Sei Kepayang
120912,1209,Simpang Empat
120913,1209,Air Batu
120914,1209,Pulau Rakyat
120915,1209,Bandar Pulau
120916,1209,Buntu Pane
120917,1209,Bandar Pasir Mandoge
120918,1209,Aek Kuasan
120919,1209,Kota Kisaran Barat
120920,1209,Kota Kisaran Timur
120921,1209,Aek Songsongan
120922,1209,Rahunig
120923,1209,Sei Dadap
120924,1209,Sei Kepayang Barat
120925,1209,Sei Kepayang Timur
120926,1209,Tinggi Raja
120927,1209,Setia Janji
120928,1209,Silau Laut
120929,1209,Rawang Panca Arga
120930,1209,Pulo Bandring
120931,1209,Teluk Dalam
120932,1209,Aek Ledong
121001,1210,Rantau Utara
121002,1210,Rantau Selatan
121007,1210,Bilah Barat
121008,1210,Bilah Hilir
121009,1210,Bilah Hulu
121014,1210,Pangkatan
121018,1210,Panai Tengah
121019,1210,Panai Hilir
121020,1210,Panai Hulu
121101,1211,Sidikalang
121102,1211,Sumbul
121103,1211,Tigalingga
121104,1211,Siempat Nempu
121105,1211,Silima Pungga Pungga
121106,1211,Tanah Pinem
121107,1211,Siempat Nempu Hulu
121108,1211,Siempat Nempu Hilir
121109,1211,Pegagan Hilir
121110,1211,Parbuluan
121111,1211,Lae Parira
121112,1211,Gunung Sitember
121113,1211,Berampu
121114,1211,Silahisabungan
121115,1211,Sitinjo
121201,1212,Balige
121202,1212,Laguboti
121203,1212,Silaen
121204,1212,Habinsaran
121205,1212,Pintu Pohan Meranti
121206,1212,Borbor
121207,1212,Porsea
121208,1212,Ajibata
121209,1212,Lumban Julu
121210,1212,Uluan
121219,1212,Sigumpar
121220,1212,Siantar Narumonda
121221,1212,Nassau
121222,1212,Tampahan
121223,1212,Bonatua Lunasi
121224,1212,Parmaksian
121301,1213,Panyabungan
121302,1213,Panyabungan Utara
121303,1213,Panyabungan Timur
121304,1213,Panyabungan Selatan
121305,1213,Panyabungan Barat
121306,1213,Siabu
121307,1213,Bukit Malintang
121308,1213,Kotanopan
121309,1213,Lembah Sorik Marapi
121310,1213,Tambangan
121311,1213,Ulu Pungkut
121312,1213,Muara Sipongi
121313,1213,Batang Natal
121314,1213,Lingga Bayu
121315,1213,Batahan
121316,1213,Natal
121317,1213,Muara Batang Gadis
121318,1213,Ranto Baek
121319,1213,Huta Bargot
121320,1213,Puncak Sorik Marapi
121321,1213,Pakantan
121322,1213,Sinunukan
121323,1213,Naga Juang
121401,1214,Lolomatua
121402,1214,Gomo
121403,1214,Lahusa
121404,1214,Hibala
121405,1214,Pulau-Pulau Batu
121406,1214,Teluk Dalam
121407,1214,Amandraya
121408,1214,Lolowau
121409,1214,Susua
121410,1214,Maniamolo
121411,1214,Hilimegai
121412,1214,Toma
121413,1214,Mazino
121414,1214,Umbunasi
121415,1214,Aramo
121416,1214,Pulau-Pulau Batu Timur
121417,1214,Mazo
121418,1214,Fanayama
121419,1214,Ulunoyo
121420,1214,Huruna
121421,1214,O'o'u
121422,1214,Onohazumba
121423,1214,Hilisalawa'ahe
121424,1214,Ulususua
121425,1214,Sidua'ori
121426,1214,Somambawa
121427,1214,Boronadu
121428,1214,Simuk
121429,1214,Pulau-Pulau Batu Barat
121430,1214,Pulau-Pulau Batu Utara
121431,1214,Tanah Masa
121432,1214,Luahagundre Maniamolo
121433,1214,Onolalu
121434,1214,Ulu Idanotae
121435,1214,Idanotae
121501,1215,Sitelu Tali Urang Jehe
121502,1215,Kerajaan
121503,1215,Salak
121504,1215,Sitelu Tali Urang Julu
121505,1215,Pergetteng Getteng Sengkut
121506,1215,Pagindar
121507,1215,Tinada
121508,1215,Siempat Rube
121601,1216,Parlilitan
121602,1216,Pollung
121603,1216,Baktiraja
121604,1216,Paranginan
121605,1216,Lintong Nihuta
121606,1216,Dolok Sanggul
121607,1216,Sijamapolang
121608,1216,Onan Ganjang
121609,1216,Pakkat
121610,1216,Tarabintang
121701,1217,Simanindo
121702,1217,Onan Runggu
121703,1217,Nainggolan
121704,1217,Palipi
121705,1217,Harian
121706,1217,Sianjar Mula Mula
121707,1217,Ronggur Nihuta
121708,1217,Pangururan
121709,1217,Sitio-tio
121801,1218,Pantai Cermin
121802,1218,Perbaungan
121803,1218,Teluk Mengkudu
121804,1218,Sei Rampah
121805,1218,Tanjung Beringin
121806,1218,Bandar Khalipah
121807,1218,Dolok Merawan
121808,1218,Sipispis
121809,1218,Dolok Masihul
121810,1218,Kotarih
121811,1218,Silinda
121812,1218,Serba Jadi
121813,1218,Tebing Tinggi
121814,1218,Pegajahan
121815,1218,Sei Bamban
121816,1218,Tebing Syahbandar
121817,1218,Bintang Bayu
121901,1219,Medang Deras
121902,1219,Sei Suka
121903,1219,Air Putih
121904,1219,Lima Puluh
121905,1219,Talawi
121906,1219,Tanjung Tiram
121907,1219,Sei Balai
121908,1219,Laut Tador
121909,1219,Lima Puluh Pesisir
121910,1219,Datuk Lima Puluh
121911,1219,Datuk Tanah Datar
121912,1219,Nibung Hangus
122001,1220,Dolok Sigompulon
122002,1220,Dolok
122003,1220,Halongonan
122004,1220,Padang Bolak
122005,1220,Padang Bolak Julu
122006,1220,Portibi
122007,1220,Batang Onang
122008,1220,Simangambat
122009,1220,Hulu Sihapas
122010,1220,Padang Bolak Tenggara
122011,1220,Halongonan Timur
122012,1220,Ujung Batu
122101,1221,Sosopan
122102,1221,Barumun Tengah
122103,1221,Huristak
122104,1221,Lubuk Barumun
122105,1221,Huta Raja Tinggi
122106,1221,Ulu Barumun
122107,1221,Barumun
122108,1221,Sosa
122109,1221,Batang Lubu Sutam
122110,1221,Barumun Selatan
122111,1221,Aek Nabara Barumun
122112,1221,Sihapas Barumun
122201,1222,Kotapinang
122202,1222,Kampung Rakyat
122203,1222,Torgamba
122204,1222,Sungai Kanan
122205,1222,Silangkitang
122301,1223,Kualuh Hulu
122302,1223,Kualuh Leidong
122303,1223,Kualuh Hilir
122304,1223,Aek Kuo
122305,1223,Marbau
122306,1223,Na IX - X
122307,1223,Aek Natas
122308,1223,Kualuh Selatan
122401,1224,Lotu
122402,1224,Sawo
122403,1224,Tuhemberua
122404,1224,Sitolu Ori
122405,1224,Namohalu Esiwa
122406,1224,Alasa Talumuzoi
122407,1224,Alasa
122408,1224,Tugala Oyo
122409,1224,Afulu
122410,1224,Lahewa
122411,1224,Lahewa Timur
122501,1225,Lahomi
122502,1225,Sirombu
122503,1225,Mandrehe Barat
122504,1225,Moro'o
122505,1225,Mandrehe
122506,1225,Mandrehe Utara
122507,1225,Lolofitu Moi
122508,1225,Ulu Moro'o
127101,1271,Medan Kota
127102,1271,Medan Sunggal
127103,1271,Medan Helvetia
127104,1271,Medan Denai
127105,1271,Medan Barat
127106,1271,Medan Deli
127107,1271,Medan Tuntungan
127108,1271,Medan Belawan
127109,1271,Medan Amplas
127110,1271,Medan Area
127111,1271,Medan Johor
127112,1271,Medan Marelan
127113,1271,Medan Labuhan
127114,1271,Medan Tembung
127115,1271,Medan Maimun
127116,1271,Medan Polonia
127117,1271,Medan Baru
127118,1271,Medan Perjuangan
127119,1271,Medan Petisah
127120,1271,Medan Timur
127121,1271,Medan Selayang
127201,1272,Siantar Timur
127202,1272,Siantar Barat
127203,1272,Siantar Utara
127204,1272,Siantar Selatan
127205,1272,Siantar Marihat
127206,1272,Siantar Martoba
127207,1272,Siantar Sitalasari
127208,1272,Siantar Marimbun
127301,1273,Sibolga Utara
127302,1273,Sibolga Kota
127303,1273,Sibolga Selatan
127304,1273,Sibolga Sambas
127401,1274,Tanjung Balai Selatan
127402,1274,Tanjung Balai Utara
127403,1274,Sei Tualang Raso
127404,1274,Teluk Nibung
127405,1274,Datuk Bandar
127406,1274,Datuk Bandar Timur
127501,1275,Binjai Utara
127502,1275,Binjai Kota
127503,1275,Binjai Barat
127504,1275,Binjai Timur
127505,1275,Binjai Selatan
127601,1276,Padang Hulu
127602,1276,Rambutan
127603,1276,Padang Hilir
127604,1276,Bajenis
127605,1276,Tebing Tinggi Kota
127701,1277,Padangsidimpuan Utara
127702,1277,Padangsidimpuan Selatan
127703,1277,Padangsidimpuan Batunadua
127704,1277,Padangsidimpuan Hutaimbaru
127705,1277,Padangsidimpuan Tenggara
127706,1277,Padangsidimpuan Angkola Julu
127801,1278,Gunungsitoli
127802,1278,Gunungsitoli Selatan
127803,1278,Gunungsitoli Utara
127804,1278,Gunungsitoli Idanoi
127805,1278,Gunungsitoli Alo'oa
127806,1278,Gunungsitoli Barat
130101,1301,Pancung Soal
130102,1301,Ranah Pesisir
130103,1301,Lengayang
130104,1301,Batang Kapas
130105,1301,IV Jurai
130106,1301,Bayang
130107,1301,Koto XI Tarusan
130108,1301,Sutera
130109,1301,Linggo Sari Baganti
130110,1301,Lunang
130111,1301,Basa Ampek Balai Tapan
130112,1301,IV Nagari Bayang Utara
130113,1301,Airpura
130114,1301,Ranah Ampek Hulu Tapan
130115,1301,Silaut
130202,1302,
130203,1302,Pantai Cermin
130204,1302,Lembah Gumanti
130205,1302,Payung Sekaki
130206,1302,Lembang Jaya
130207,1302,Gunung Talang
130208,1302,Bukit Sundi
130209,1302,IX Koto Sungai Lasi
130210,1302,Kubung
130211,1302,X Koto Singkarak
130212,1302,X Koto Diatas
130213,1302,Junjung Sirih
130217,1302,Hiliran Gumanti
130218,1302,Tigo Lurah
130219,1302,Danau Kembar
130303,1303,Tanjung Gadang
130304,1303,Sijunjung
130305,1303,IV Nagari
130306,1303,Kamang Baru
130307,1303,Lubuak Tarok
130308,1303,Koto VII
130309,1303,Sumpur Kudus
130310,1303,Kupitan
130401,1304,X Koto
130402,1304,Batipuh
130403,1304,Rambatan
130404,1304,Lima Kaum
130405,1304,Tanjung Emas
130406,1304,Lintau Buo
130407,1304,Sungayang
130408,1304,Sungai Tarab
130409,1304,Pariangan
130410,1304,Salimpaung
130411,1304,Padang Ganting
130412,1304,Tanjuang Baru
130413,1304,Lintau Buo Utara
130414,1304,Batipuah Selatan
130501,1305,Lubuk Alung
130502,1305,Batang Anai
130503,1305,Nan Sabaris
130504,1305,2 x 11 Enam Lingkuang
130505,1305,VII Koto Sungai Sarik
130506,1305,V Koto Kampung Dalam
130507,1305,Sungai Garingging
130508,1305,Sungai Limau
130509,1305,IV Koto Aur Malintang
130510,1305,Ulakan Tapakih
130511,1305,Sintuak Toboh Gadang
130512,1305,Padang Sago
130513,1305,Batang Gasan
130514,1305,V Koto Timur
130515,1305,2 x 11 Kayu Tanam
130516,1305,Patamuan
130517,1305,Enam Lingkung
130601,1306,Tanjung Mutiara
130602,1306,Lubuk Basung
130603,1306,Tanjung Raya
130604,1306,Matur
130605,1306,IV Koto
130606,1306,Banuhampu
130607,1306,Ampek Angkek
130608,1306,Baso
130609,1306,Tilatang Kamang
130610,1306,Palupuh
130611,1306,Pelembayan
130612,1306,Sungai Pua
130613,1306,Ampek Nagari
130614,1306,Candung
130615,1306,Kamang Magek
130616,1306,Malalak
130701,1307,Suliki
130702,1307,Guguak
130703,1307,Payakumbuh
130704,1307,Luak
130705,1307,Harau
130706,1307,Pangkalan Koto Baru
130707,1307,Kapur IX
130708,1307,Gunuang Omeh
130709,1307,Lareh Sago Halaban
130710,1307,Situjuah Limo Nagari
130711,1307,Mungka
130712,1307,Bukik Barisan
130713,1307,Akabiluru
130804,1308,Bonjol
130805,1308,Lubuk Sikaping
130807,1308,Panti
130808,1308,Mapat Tunggul
130812,1308,Duo Koto
130813,1308,Tigo Nagari
130814,1308,Rao
130815,1308,Mapat Tunggul Selatan
130816,1308,Simpang Alahan Mati
130817,1308,Padang Gelugur
130818,1308,Rao Utara
130819,1308,Rao Selatan
130901,1309,Pagai Utara
130902,1309,Sipora Selatan
130903,1309,Siberut Selatan
130904,1309,Siberut Utara
130905,1309,Siberut Barat
130906,1309,Siberut Barat Daya
130907,1309,Siberut Tengah
130908,1309,Sipora Utara
130909,1309,Sikakap
130910,1309,Pagai Selatan
131001,1310,Koto Baru
131002,1310,Pulau Punjung
131003,1310,Sungai Rumbai
131004,1310,Sitiung
131005,1310,Sembilan Koto
131006,1310,Timpeh
131007,1310,Koto Salak
131008,1310,Tiumang
131009,1310,Padang Laweh
131010,1310,Asam Jujuhan
131011,1310,Koto Besar
131101,1311,Sangir
131102,1311,Sungai Pagu
131103,1311,Koto Parik Gadang Diateh
131104,1311,Sangir Jujuan
131105,1311,Sangir Batang Hari
131106,1311,Pauh Duo
131107,1311,Sangir Balai Janggo
131201,1312,Sungaiberemas
131202,1312,Lembah Melintang
131203,1312,Pasaman
131204,1312,Talamau
131205,1312,Kinali
131206,1312,Gunungtuleh
131207,1312,Ranah Batahan
131208,1312,Koto Balingka
131209,1312,Sungaiaur
131210,1312,Luhak Nan Duo
131211,1312,Sasak Ranah Pesisir
137101,1371,Padang Selatan
137102,1371,Padang Timur
137103,1371,Padang Barat
137104,1371,Padang Utara
137105,1371,Bungus Teluk Kabung
137106,1371,Lubuk Begalung
137107,1371,Lubuk Kilangan
137108,1371,Pauh
137109,1371,Kuranji
137110,1371,Nanggalo
137111,1371,Koto Tangah
137201,1372,Lubuk Sikarah
137202,1372,Tanjung Harapan
137301,1373,Lembah Segar
137302,1373,Barangin
137303,1373,Silungkang
137304,1373,Talawi
137401,1374,Padang Panjang Timur
137402,1374,Padang Panjang Barat
137501,1375,Guguak Panjang
137502,1375,Mandiangin K. Selayan
137503,1375,Aur Birugo Tigo Baleh
137601,1376,Payakumbuh Barat
137602,1376,Payakumbuh Utara
137603,1376,Payakumbuh Timur
137604,1376,Lamposi Tigo Nagori
137605,1376,Payakumbuh Selatan
137701,1377,Pariaman Tengah
137702,1377,Pariaman Utara
137703,1377,Pariaman Selatan
137704,1377,Pariaman Timur
140101,1401,Bangkinang Kota
140102,1401,Kampar
140103,1401,Tambang
140104,1401,XIII Koto Kampar
140105,1401,Kuok
140106,1401,Siak Hulu
140107,1401,Kampar Kiri
140108,1401,Kampar Kiri Hilir
140109,1401,Kampar Kiri Hulu
140110,1401,Tapung
140111,1401,Tapung Hilir
140112,1401,Tapung Hulu
140113,1401,Salo
140114,1401,Rumbio Jaya
140115,1401,Bangkinang
140116,1401,Perhentian Raja
140117,1401,Kampa
140118,1401,Kampar Utara
140119,1401,Kampar Kiri Tengah
140120,1401,Gunung Sahilan
140121,1401,Koto Kampar Hulu
140201,1402,Rengat
140202,1402,Rengat Barat
140203,1402,Kelayang
140204,1402,Pasir Penyu
140205,1402,Peranap
140206,1402,Siberida
140207,1402,Batang Cenaku
140208,1402,Batang Gangsal
140209,1402,Lirik
140210,1402,Kuala Cenaku
140211,1402,Sungai Lala
140212,1402,Lubuk Batu Jaya
140213,1402,Rakit Kulim
140214,1402,Batang Peranap
140301,1403,Bengkalis
140302,1403,Bantan
140303,1403,Bukit Batu
140309,1403,Mandau
140310,1403,Rupat
140311,1403,Rupat Utara
140312,1403,Siak Kecil
140313,1403,Pinggir
140314,1403,Bandar Laksamana
140315,1403,Talang Muandau
140316,1403,Bathin Solapan
140401,1404,Reteh
140402,1404,Enok
140403,1404,Kuala Indragiri
140404,1404,Tembilahan
140405,1404,Tempuling
140406,1404,Gaung Anak Serka
140407,1404,Mandah
140408,1404,Kateman
140409,1404,Keritang
140410,1404,Tanah Merah
140411,1404,Batang Tuaka
140412,1404,Gaung
140413,1404,Tembilahan Hulu
140414,1404,Kemuning
140415,1404,Pelangiran
140416,1404,Teluk Belengkong
140417,1404,Pulau Burung
140418,1404,Concong
140419,1404,Kempas
140420,1404,Sungai Batang
140501,1405,Ukui
140502,1405,Pangkalan Kerinci
140503,1405,Pangkalan Kuras
140504,1405,Pangkalan Lesung
140505,1405,Langgam
140506,1405,Pelalawan
140507,1405,Kerumutan
140508,1405,Bunut
140509,1405,Teluk Meranti
140510,1405,Kuala Kampar
140511,1405,Bandar Sei Kijang
140512,1405,Bandar Petalangan
140601,1406,Ujung Batu
140602,1406,Rokan IV Koto
140603,1406,Rambah
140604,1406,Tambusai
140605,1406,Kepenuhan
140606,1406,Kunto Darussalam
140607,1406,Rambah Samo
140608,1406,Rambah Hilir
140609,1406,Tambusai Utara
140610,1406,Bangun Purba
140611,1406,Tandun
140612,1406,Kabun
140613,1406,Bonai Darussalam
140614,1406,Pagaran Tapah Darussalam
140615,1406,Kepenuhan Hulu
140616,1406,Pendalian IV Koto
140701,1407,Kubu
140702,1407,Bangko
140703,1407,Tanah Putih
140704,1407,Rimba Melintang
140705,1407,Bagansinembah
140706,1407,Pasir Limau Kapas
140707,1407,Sinaboi
140708,1407,Pujud
140709,1407,Tanah Putih Tanjung Melawan
140710,1407,Bangko Pusako
140711,1407,Simpang Kanan
140712,1407,Batu Hampar
140713,1407,Rantau Kopar
140714,1407,Pekaitan
140715,1407,Kubu Babussalam
140716,1407,Tanjung Medan
140717,1407,Bagan Sinembah Raya
140718,1407,Balai Jaya
140801,1408,Siak
140802,1408,Sungai Apit
140803,1408,Minas
140804,1408,Tualang
140805,1408,Sungai Mandau
140806,1408,Dayun
140807,1408,Kerinci Kanan
140808,1408,Bunga Raya
140809,1408,Koto Gasib
140810,1408,Kandis
140811,1408,Lubuk Dalam
140812,1408,Sabak Auh
140813,1408,Mempura
140814,1408,Pusako
140901,1409,Kuantan Mudik
140902,1409,Kuantan Tengah
140903,1409,Singingi
140904,1409,Kuantan Hilir
140905,1409,Cerenti
140906,1409,Benai
140907,1409,Gunungtoar
140908,1409,Singingi Hilir
140909,1409,Pangean
140910,1409,Logas Tanah Darat
140911,1409,Inuman
140912,1409,Hulu Kuantan
140913,1409,Kuantan Hilir Seberang
140914,1409,Sentajo Raya
140915,1409,Pucuk Rantau
141001,1410,Tebing Tinggi
141002,1410,Rangsang Barat
141003,1410,Rangsang
141004,1410,Tebing Tinggi Barat
141005,1410,Merbau
141006,1410,Pulaumerbau
141007,1410,Tebing Tinggi Timur
141008,1410,Tasik Putri Puyu
141009,1410,Rangsang Pesisir
147101,1471,Sukajadi
147102,1471,Pekanbaru Kota
147103,1471,Sail
147104,1471,Lima Puluh
147105,1471,Senapelan
147106,1471,Rumbai
147107,1471,Bukit Raya
147108,1471,Tampan
147109,1471,Marpoyan Damai
147110,1471,Tenayan Raya
147111,1471,Payung Sekaki
147112,1471,Rumbai Pesisir
147201,1472,Dumai Barat
147202,1472,Dumai Timur
147203,1472,Bukit Kapur
147204,1472,Sungai Sembilan
147205,1472,Medang Kampai
147206,1472,Dumai Kota
147207,1472,Dumai Selatan
150101,1501,Gunung Raya
150102,1501,Danau Kerinci
150104,1501,Sitinjau Laut
150105,1501,Air Hangat
150106,1501,Gunung Kerinci
150107,1501,Batang Merangin
150108,1501,Keliling Danau
150109,1501,Kayu Aro
150111,1501,Air Hangat Timur
150115,1501,Gunung Tujuh
150116,1501,Siulak
150117,1501,Depati Tujuh
150118,1501,Siulak Mukai
150119,1501,Kayu Aro Barat
150120,1501,Bukitkerman
150121,1501,Air Hangat Barat
150201,1502,Jangkat
150202,1502,Bangko
150203,1502,Muara Siau
150204,1502,Sungai Manau
150205,1502,Tabir
150206,1502,Pamenang
150207,1502,Tabir Ulu
150208,1502,Tabir Selatan
150209,1502,Lembah Masurai
150210,1502,Bangko Barat
150211,1502,Nalo Tatan
150212,1502,Batang Masumai
150213,1502,Pamenang Barat
150214,1502,Tabir Ilir
150215,1502,Tabir Timur
150216,1502,Renah Pembarap
150217,1502,Pangkalan Jambu
150218,1502,Jangkat Timur
150219,1502,Renah Pamenang
150220,1502,Pamenang Selatan
150221,1502,Margo Tabir
150222,1502,Tabir Lintas
150223,1502,Tabir Barat
150224,1502,Tiang Pumpung
150301,1503,Batang Asai
150302,1503,Limun
150303,1503,Sarolangun
150304,1503,Pauh
150305,1503,Pelawan
150306,1503,Mandiangin
150307,1503,Air Hitam
150308,1503,Bathin VIII
150309,1503,Singkut
150310,1503,Cermin Nan Gedang
150401,1504,Mersam
150402,1504,Muara Tembesi
150403,1504,Muara Bulian
150404,1504,Batin XXIV
150405,1504,Pemayung
150406,1504,Maro Sebo Ulu
150407,1504,Bajubang
150408,1504,Maro Sebo Ilir
150501,1505,Jambi Luar Kota
150502,1505,Sekernan
150503,1505,Kumpeh
150504,1505,Maro Sebo
150505,1505,Mestong
150506,1505,Kumpeh Ulu
150507,1505,Sungai Bahar
150508,1505,Sungai Gelam
150509,1505,Bahar Utara
150510,1505,Bahar Selatan
150511,1505,Taman Rajo
150601,1506,Tungkal Ulu
150602,1506,Tungkal Ilir
150603,1506,Pengabuan
150604,1506,Betara
150605,1506,Merlung
150606,1506,Tebing Tinggi
150607,1506,Batang Asam
150608,1506,Renah Mendaluh
150609,1506,Muara Papalik
150610,1506,Seberang Kota
150611,1506,Bram Itam
150612,1506,Kuala Betara
150613,1506,Senyerang
150701,1507,Muara Sabak Timur
150702,1507,Nipah Panjang
150703,1507,Mendahara
150704,1507,Rantau Rasau
150705,1507,Sadu
150706,1507,Dendang
150707,1507,Muara Sabak Barat
150708,1507,Kuala Jambi
150709,1507,Mendahara Ulu
150710,1507,Geragai
150711,1507,Berbak
150801,1508,Tanah Tumbuh
150802,1508,Rantau Pandan
150803,1508,Pasar Muaro Bungo
150804,1508,Jujuhan
150805,1508,Tanah Sepenggal
150806,1508,Pelepat
150807,1508,Limbur Lubuk Mengkuang
150808,1508,Muko-muko Bathin VII
150809,1508,Pelepat Ilir
150810,1508,Batin II Babeko
150811,1508,Bathin III
150812,1508,Bungo Dani
150813,1508,Rimbo Tengah
150814,1508,Bathin III Ulu
150815,1508,Bathin II Pelayang
150816,1508,Jujuhan Ilir
150817,1508,Tanah Sepenggal Lintas
150901,1509,Tebo Tengah
150902,1509,Tebo Ilir
150903,1509,Tebo Ulu
150904,1509,Rimbo Bujang
150905,1509,Sumay
150906,1509,VII Koto
150907,1509,Rimbo Ulu
150908,1509,Rimbo Ilir
150909,1509,Tengah Ilir
150910,1509,Serai Serumpun
150911,1509,VII Koto Ilir
150912,1509,Muara Tabir
157101,1571,Telanaipura
157102,1571,Jambi Selatan
157103,1571,Jambi Timur
157104,1571,Pasar Jambi
157105,1571,Pelayangan
157106,1571,Danau Teluk
157107,1571,Kota Baru
157108,1571,Jelutung
157109,1571,Alam Barajo
157110,1571,Danau Sipin
157111,1571,Paal Merah
157201,1572,Sungai Penuh
157202,1572,Pesisir Bukit
157203,1572,Hamparan Rawang
157204,1572,Tanah Kampung
157205,1572,Kumun Debai
157206,1572,Pondok Tinggi
157207,1572,Koto Baru
157208,1572,Sungai Bungkal
160107,1601,Sosoh Buay Rayap
160108,1601,Pengandonan
160109,1601,Peninjauan
160113,1601,Baturaja Barat
160114,1601,Baturaja Timur
160120,1601,Ulu Ogan
160121,1601,Semidang Aji
160122,1601,Lubuk Batang
160128,1601,Lengkiti
160129,1601,Sinar Peninjauan
160130,1601,Lubuk Raja
160131,1601,Muara Jaya
160132,1601,Kedaton Peninjauan Raya
160202,1602,Tanjung Lubuk
160203,1602,Pedamaran
160204,1602,Mesuji
160205,1602,Kayu Agung
160208,1602,Sirah Pulau Padang
160211,1602,Tulung Selapan
160212,1602,Pampangan
160213,1602,Lempuing
160214,1602,Air Sugihan
160215,1602,Sungai Menang
160217,1602,Jejawi
160218,1602,Cengal
160219,1602,Pangkalan Lampam
160220,1602,Mesuji Makmur
160221,1602,Mesuji Raya
160222,1602,Lempuing Jaya
160223,1602,Teluk Gelam
160224,1602,Pedamaran Timur
160301,1603,Tanjung Agung
160302,1603,Muara Enim
160303,1603,Rambang Niru
160304,1603,Gunung Megang
160306,1603,Gelumbang
160307,1603,Lawang Kidul
160308,1603,Semende Darat Laut
160309,1603,Semende Darat Tengah
160310,1603,Semende Darat Ulu
160311,1603,Ujan Mas
160314,1603,Lubai
160315,1603,Rambang
160316,1603,Sungai Rotan
160317,1603,Lembak
160319,1603,Benakat
160321,1603,Kelekar
160322,1603,Muara Belida
160323,1603,Belimbing
160324,1603,Belida Darat
160325,1603,Lubai Ulu
160326,1603,Empat Petulai Dangku
160327,1603,Panang Enim
160401,1604,Tanjungsakti Pumu
160406,1604,Jarai
160407,1604,Kota Agung
160408,1604,Pulaupinang
160409,1604,Merapi Barat
160410,1604,Lahat
160412,1604,Pajar Bulan
160415,1604,Mulak Ulu
160416,1604,Kikim Selatan
160417,1604,Kikim Timur
160418,1604,Kikim Tengah
160419,1604,Kikim Barat
160420,1604,Pseksu
160421,1604,Gumay Talang
160422,1604,Pagar Gunung
160423,1604,Merapi Timur
160424,1604,Tanjung Sakti Pumi
160425,1604,Gumay Ulu
160426,1604,Merapi Selatan
160427,1604,Tanjungtebat
160428,1604,Muarapayang
160429,1604,Sukamerindu
160430,1604,Mulak Sebingkai
160431,1604,Lahat Selatan
160501,1605,Tugumulyo
160502,1605,Muara Lakitan
160503,1605,Muara Kelingi
160508,1605,Jayaloka
160509,1605,Muara Beliti
160510,1605,STL Ulu Terawas
160511,1605,Selangit
160512,1605,Megang Sakti
160513,1605,Purwodadi
160514,1605,BTS. Ulu
160518,1605,Tiang Pumpung Kepungut
160519,1605,Sumber Harta
160520,1605,Tuah Negeri
160521,1605,Suka Karya
160601,1606,Sekayu
160602,1606,Lais
160603,1606,Sungai Keruh
160604,1606,Batang Hari Leko
160605,1606,Sanga Desa
160606,1606,Babat Toman
160607,1606,Sungai Lilin
160608,1606,Keluang
160609,1606,Bayung Lencir
160610,1606,Plakat Tinggi
160611,1606,Lalan
160612,1606,Tungkal Jaya
160613,1606,Lawang Wetan
160614,1606,Babat Supat
160615,1606,Jirak Jaya
160701,1607,Banyuasin I
160702,1607,Banyuasin II
160703,1607,Banyuasin III
160704,1607,Pulau Rimau
160705,1607,Betung
160706,1607,Rambutan
160707,1607,Muara Padang
160708,1607,Muara Telang
160709,1607,Makarti Jaya
160710,1607,Talang Kelapa
160711,1607,Rantau Bayur
160712,1607,Tanjung Lago
160713,1607,Muara Sugihan
160714,1607,Air Salek
160715,1607,Tungkal Ilir
160716,1607,Suak Tapeh
160717,1607,Sembawa
160718,1607,Sumber Marga Telang
160719,1607,Air Kumbang
160720,1607,Karang Agung Ilir
160721,1607,Selat Penuguan
160801,1608,Martapura
160802,1608,Buay Madang
160803,1608,Belitang
160804,1608,Cempaka
160805,1608,Buay Pemuka Peliung
160806,1608,Madang Suku II
160807,1608,Madang Suku I
160808,1608,Semendawai Suku III
160809,1608,Belitang II
160810,1608,Belitang III
160811,1608,Bunga Mayang
160812,1608,Buay Madang Timur
160813,1608,Madang Suku III
160814,1608,Semendawai Barat
160815,1608,Semendawai Timur
160816,1608,Jayapura
160817,1608,Belitang Jaya
160818,1608,Belitang Madang Raya
160819,1608,Belitang Mulya
160820,1608,Buay Pemuka Bangsa Raja
160901,1609,Muara Dua
160902,1609,Pulau Beringin
160903,1609,Banding Agung
160904,1609,Muara Dua Kisam
160905,1609,Simpang
160906,1609,Buay Sandang Aji
160907,1609,Buay Runjung
160908,1609,Mekakau Ilir
160909,1609,Buay Pemaca
160910,1609,Kisam Tinggi
160911,1609,Kisam Ilir
160912,1609,Buay Pematang Ribu Ranau Tengah
160913,1609,Warkuk Ranau Selatan
160914,1609,Runjung Agung
160915,1609,Sungai Are
160916,1609,Sindang Danau
160917,1609,Buana Pemaca
160918,1609,Tiga Dihaji
160919,1609,Buay Rawan
161001,1610,Muara Kuang
161002,1610,Tanjung Batu
161003,1610,Tanjung Raja
161004,1610,Indralaya
161005,1610,Pemulutan
161006,1610,Rantau Alai
161007,1610,Indralaya Utara
161008,1610,Indralaya Selatan
161009,1610,Pemulutan Selatan
161010,1610,Pemulutan Barat
161011,1610,Rantau Panjang
161012,1610,Sungai Pinang
161013,1610,Kandis
161014,1610,Rambang Kuang
161015,1610,Lubuk Keliat
161016,1610,Payaraman
161101,1611,Muara Pinang
161102,1611,Pendopo
161103,1611,Ulu Musi
161104,1611,Tebing Tinggi
161105,1611,Lintang Kanan
161106,1611,Talang Padang
161107,1611,Pasemah Air Keruh
161108,1611,Sikap Dalam
161109,1611,Saling
161110,1611,Pendopo Barat
161201,1612,Talang Ubi
161202,1612,Penukal Utara
161203,1612,Penukal
161204,1612,Abab
161205,1612,Tanah Abang
161301,1613,Rupit
161302,1613,Rawas Ulu
161303,1613,Nibung
161304,1613,Rawas Ilir
161305,1613,Karang Dapo
161306,1613,Karang Jaya
161307,1613,Ulu Rawas
167101,1671,Ilir Barat II
167102,1671,Seberang Ulu I
167103,1671,Seberang Ulu II
167104,1671,Ilir Barat I
167105,1671,Ilir Timur I
167106,1671,Ilir Timur II
167107,1671,Sukarami
167108,1671,Sako
167109,1671,Kemuning
167110,1671,Kalidoni
167111,1671,Bukit Kecil
167112,1671,Gandus
167113,1671,Kertapati
167114,1671,Plaju
167115,1671,Alang-alang Lebar
167116,1671,Sematang Borang
167117,1671,Jakabaring
167118,1671,Ilir Timur Tiga
167201,1672,Pagar Alam Utara
167202,1672,Pagar Alam Selatan
167203,1672,Dempo Utara
167204,1672,Dempo Selatan
167205,1672,Dempo Tengah
167301,1673,Lubuk Linggau Timur I
167302,1673,Lubuk Linggau Barat I
167303,1673,Lubuk Linggau Selatan I
167304,1673,Lubuk Linggau Utara I
167305,1673,Lubuk Linggau Timur II
167306,1673,Lubuk Linggau Barat II
167307,1673,Lubuk Linggau Selatan II
167308,1673,Lubuk Linggau Utara II
167401,1674,Prabumulih Barat
167402,1674,Prabumulih Timur
167403,1674,Cambai
167404,1674,Rambang Kpk Tengah
167405,1674,Prabumulih Utara
167406,1674,Prabumulih Selatan
170101,1701,Kedurang
170102,1701,Seginim
170103,1701,Pino
170104,1701,Manna
170105,1701,Kota Manna
170106,1701,Pino Raya
170107,1701,Kedurang Ilir
170108,1701,Air Nipis
170109,1701,Ulu Manna
170110,1701,Bunga Mas
170111,1701,Pasar Manna
170206,1702,Kota Padang
170207,1702,Padang Ulak Tanding
170208,1702,Sindang Kelingi
170209,1702,Curup
170210,1702,Bermani Ulu
170211,1702,Selupu Rejang
170216,1702,Curup Utara
170217,1702,Curup Timur
170218,1702,Curup Selatan
170219,1702,Curup Tengah
170220,1702,Binduriang
170221,1702,Sindang Beliti Ulu
170222,1702,Sindang Dataran
170223,1702,Sindang Beliti Ilir
170224,1702,Bermani Ulu Raya
170301,1703,Enggano
170306,1703,Kerkap
170307,1703,Kota Arga Makmur
170308,1703,Giri Mulya
170309,1703,Padang Jaya
170310,1703,Lais
170311,1703,Batik Nau
170312,1703,Ketahun
170313,1703,Napal Putih
170314,1703,Putri Hijau
170315,1703,Air Besi
170316,1703,Air Napal
170319,1703,Hulu Palik
170320,1703,Air Padang
170321,1703,Arma Jaya
170322,1703,Tanjung Agung Palik
170323,1703,Ulok Kupai
170324,1703,Pinang Raya
170325,1703,Marga Sakti Sebelat
170401,1704,Kinal
170402,1704,Tanjung Kemuning
170403,1704,Kaur Utara
170404,1704,Kaur Tengah
170405,1704,Kaur Selatan
170406,1704,Maje
170407,1704,Nasal
170408,1704,Semidang Gumay
170409,1704,Kelam Tengah
170410,1704,Luas
170411,1704,Muara Sahung
170412,1704,Tetap
170413,1704,Lungkang Kule
170414,1704,Padang Guci Hilir
170415,1704,Padang Guci Hulu
170501,1705,Sukaraja
170502,1705,Seluma
170503,1705,Talo
170504,1705,Semidang Alas
170505,1705,Semidang Alas Maras
170506,1705,Air Periukan
170507,1705,Lubuk Sandi
170508,1705,Seluma Barat
170509,1705,Seluma Timur
170510,1705,Seluma Utara
170511,1705,Seluma Selatan
170512,1705,Talo Kecil
170513,1705,Ulu Talo
170514,1705,Ilir Talo
170601,1706,Lubuk Pinang
170602,1706,Kota Mukomuko
170603,1706,Teras Terunjam
170604,1706,Pondok Suguh
170605,1706,Ipuh
170606,1706,Malin Deman
170607,1706,Air Rami
170608,1706,Teramang Jaya
170609,1706,Selagan Raya
170610,1706,Penarik
170611,1706,XIV Koto
170612,1706,V Koto
170613,1706,Air Majunto
170614,1706,Air Dikit
170615,1706,Sungai Rumbai
170701,1707,Lebong Utara
170702,1707,Lebong Atas
170703,1707,Lebong Tengah
170704,1707,Lebong Selatan
170705,1707,Rimbo Pengadang
170706,1707,Topos
170707,1707,Bingin Kuning
170708,1707,Lebong Sakti
170709,1707,Pelabai
170710,1707,Amen
170711,1707,Uram Jaya
170712,1707,Pinang Belapis
170801,1708,Bermani Ilir
170802,1708,Ujan Mas
170803,1708,Tebat Karai
170804,1708,Kepahiang
170805,1708,Merigi
170806,1708,Kebawetan
170807,1708,Seberang Musi
170808,1708,Muara Kemumu
170901,1709,Karang Tinggi
170902,1709,Talang Empat
170903,1709,Pondok Kelapa
170904,1709,Pematang Tiga
170905,1709,Pagar Jati
170906,1709,Taba Penanjung
170907,1709,Merigi Kelindang
170908,1709,Merigi Sakti
170909,1709,Pondok Kubang
170910,1709,Bang Haji
170911,1709,Semidang Lagan
177101,1771,Selebar
177102,1771,Gading Cempaka
177103,1771,Teluk Segara
177104,1771,Muara Bangka Hulu
177105,1771,Kampung Melayu
177106,1771,Ratu Agung
177107,1771,Ratu Samban
177108,1771,Sungai Serut
177109,1771,Singaran Pati
180104,1801,Natar
180105,1801,Tanjung Bintang
180106,1801,Kalianda
180107,1801,Sidomulyo
180108,1801,Katibung
180109,1801,Penengahan
180110,1801,Palas
180113,1801,Jati Agung
180114,1801,Ketapang
180115,1801,Sragi
180116,1801,Raja Basa
180117,1801,Candipuro
180118,1801,Merbau Mataram
180121,1801,Bakauheni
180122,1801,Tanjung Sari
180123,1801,Way Sulan
180124,1801,Way Panji
180201,1802,Kalirejo
180202,1802,Bangun Rejo
180203,1802,Padang Ratu
180204,1802,Gunung Sugih
180205,1802,Trimurjo
180206,1802,Punggur
180207,1802,Terbanggi Besar
180208,1802,Seputih Raman
180209,1802,Rumbia
180210,1802,Seputih Banyak
180211,1802,Seputih Mataram
180212,1802,Seputih Surabaya
180213,1802,Terusan Nunyai
180214,1802,Bumi Ratu Nuban
180215,1802,Bekri
180216,1802,Seputih Agung
180217,1802,Way Pangubuan
180218,1802,Bandar Mataram
180219,1802,Pubian
180220,1802,Selagai Lingga
180221,1802,Anak Tuha
180222,1802,Sendang Agung
180223,1802,Kota Gajah
180224,1802,Bumi Nabung
180225,1802,Way Seputih
180226,1802,Bandar Surabaya
180227,1802,Anak Ratu Aji
180228,1802,Putra Rumbia
180301,1803,Bukit Kemuning
180302,1803,Kotabumi
180303,1803,Sungkai Selatan
180304,1803,Tanjung Raja
180305,1803,Abung Timur
180306,1803,Abung Barat
180307,1803,Abung Selatan
180308,1803,Sungkai Utara
180309,1803,Kotabumi Utara
180310,1803,Kotabumi Selatan
180311,1803,Abung Tengah
180312,1803,Abung Tinggi
180313,1803,Abung Semuli
180314,1803,Abung Surakarta
180315,1803,Muara Sungkai
180316,1803,Bunga Mayang
180317,1803,Hulu Sungkai
180318,1803,Sungkai Tengah
180319,1803,Abung Pekurun
180320,1803,Sungkai Jaya
180321,1803,Sungkai Barat
180322,1803,Abung Kunang
180323,1803,Blambangan Pagar
180404,1804,Balik Bukit
180405,1804,Sumber Jaya
180406,1804,Belalau
180407,1804,Way Tenong
180408,1804,Sekincau
180409,1804,Suoh
180410,1804,Batu Brak
180411,1804,Sukau
180415,1804,Gedung Surian
180418,1804,Kebun Tebu
180419,1804,Air Hitam
180420,1804,Pagar Dewa
180421,1804,Batu Ketulis
180422,1804,Lumbok Seminung
180423,1804,Bandar Negeri Suoh
180502,1805,Menggala
180506,1805,Gedung Aji
180508,1805,Banjar Agung
180511,1805,Gedung Meneng
180512,1805,Rawa Jitu Selatan
180513,1805,Penawar Tama
180518,1805,Rawa Jitu Timur
180520,1805,Banjar Margo
180522,1805,Rawa Pitu
180523,1805,Penawar Aji
180525,1805,Dente Teladas
180526,1805,Meraksa Aji
180527,1805,Gedung Aji Baru
180529,1805,Banjar Baru
180530,1805,Menggala Timur
180601,1806,Kota Agung
180602,1806,Talang Padang
180603,1806,Wonosobo
180604,1806,Pulau Panggung
180609,1806,Cukuh Balak
180611,1806,Pugung
180612,1806,Semaka
180613,1806,Sumber Rejo
180615,1806,Ulu Belu
180616,1806,Pematang Sawa
180617,1806,Klumbayan
180618,1806,Kota Agung Barat
180619,1806,Kota Agung Timur
180620,1806,Gisting
180621,1806,Gunung Alip
180624,1806,Limau
180625,1806,Bandar Negeri Semuong
180626,1806,Air Naningan
180627,1806,Bulok
180628,1806,Klumbayan Barat
180701,1807,Sukadana
180702,1807,Labuhan Maringgai
180703,1807,Jabung
180704,1807,Pekalongan
180705,1807,Sekampung
180706,1807,Batanghari
180707,1807,Way Jepara
180708,1807,Purbolinggo
180709,1807,Raman Utara
180710,1807,Metro Kibang
180711,1807,Marga Tiga
180712,1807,Sekampung Udik
180713,1807,Batanghari Nuban
180714,1807,Bumi Agung
180715,1807,Bandar Sribhawono
180716,1807,Mataram Baru
180717,1807,Melinting
180718,1807,Gunung Pelindung
180719,1807,Pasir Sakti
180720,1807,Waway Karya
180721,1807,Labuhan Ratu
180722,1807,Braja Selebah
180723,1807,Way Bungur
180724,1807,Marga Sekampung
180801,1808,Blambangan Umpu
180802,1808,Kasui
180803,1808,Banjit
180804,1808,Baradatu
180805,1808,Bahuga
180806,1808,Pakuan Ratu
180807,1808,Negeri Agung
180808,1808,Way Tuba
180809,1808,Rebang Tangkas
180810,1808,Gunung Labuhan
180811,1808,Negara Batin
180812,1808,Negeri Besar
180813,1808,Buay Bahuga
180814,1808,Bumi Agung
180901,1809,Gedong Tataan
180902,1809,Negeri Katon
180903,1809,Tegineneng
180904,1809,Way Lima
180905,1809,Padang Cermin
180906,1809,Punduh Pidada
180907,1809,Kedondong
180908,1809,Marga Punduh
180909,1809,Way Khilau
180910,1809,Teluk Pandan
180911,1809,Way Ratai
181001,1810,Pringsewu
181002,1810,Gading Rejo
181003,1810,Ambarawa
181004,1810,Pardasuka
181005,1810,Pagelaran
181006,1810,Banyumas
181007,1810,Adiluwih
181008,1810,Sukoharjo
181009,1810,Pagelaran Utara
181101,1811,Mesuji
181102,1811,Mesuji Timur
181103,1811,Rawa Jitu Utara
181104,1811,Way Serdang
181105,1811,Simpang Pematang
181106,1811,Panca Jaya
181107,1811,Tanjung Raya
181201,1812,Tulang Bawang Tengah
181202,1812,Tumijajar
181203,1812,Tulang Bawang Udik
181204,1812,Gunung Terang
181205,1812,Gunung Agung
181206,1812,Way Kenanga
181207,1812,Lambu Kibang
181208,1812,Pagar Dewa
181209,1812,Batu Putih
181301,1813,Pesisir Tengah
181302,1813,Pesisir Selatan
181303,1813,Lemong
181304,1813,Pesisir Utara
181305,1813,Karya Penggawa
181306,1813,Pulaupisang
181307,1813,Way Krui
181308,1813,Krui Selatan
181309,1813,Ngambur
181310,1813,Ngaras
181311,1813,Bangkunat
187101,1871,Kedaton
187102,1871,Sukarame
187103,1871,Tanjungkarang Barat
187104,1871,Panjang
187105,1871,Tanjungkarang Timur
187106,1871,Tanjungkarang Pusat
187107,1871,Telukbetung Selatan
187108,1871,Telukbetung Barat
187109,1871,Telukbetung Utara
187110,1871,Rajabasa
187111,1871,Tanjung Senang
187112,1871,Sukabumi
187113,1871,Kemiling
187114,1871,Labuhan Ratu
187115,1871,Way Halim
187116,1871,Langkapura
187117,1871,Enggal
187118,1871,Kedamaian
187119,1871,Telukbetung Timur
187120,1871,Bumi Waras
187201,1872,Metro Pusat
187202,1872,Metro Utara
187203,1872,Metro Barat
187204,1872,Metro Timur
187205,1872,Metro Selatan
190101,1901,Sungailiat
190102,1901,Belinyu
190103,1901,Merawang
190104,1901,Mendo Barat
190105,1901,Pemali
190106,1901,Bakam
190107,1901,Riau Silip
190108,1901,Puding Besar
190201,1902,Tanjung Pandan
190202,1902,Membalong
190203,1902,Selat Nasik
190204,1902,Sijuk
190205,1902,Badau
190301,1903,Toboali
190302,1903,Lepar Pongok
190303,1903,Air Gegas
190304,1903,Simpang Rimba
190305,1903,Payung
190306,1903,Tukak Sadai
190307,1903,Pulaubesar
190308,1903,Kepulauan Pongok
190401,1904,Koba
190402,1904,Pangkalan Baru
190403,1904,Sungai Selan
190404,1904,Simpang Katis
190405,1904,Namang
190406,1904,Lubuk Besar
190501,1905,Muntok
190502,1905,Simpang Teritip
190503,1905,Jebus
190504,1905,Kelapa
190505,1905,Tempilang
190506,1905,Parittiga
190601,1906,Manggar
190602,1906,Gantung
190603,1906,Dendang
190604,1906,Kelapa Kampit
190605,1906,Damar
190606,1906,Simpang Renggiang
190607,1906,Simpang Pesak
197101,1971,Bukitintan
197102,1971,Taman Sari
197103,1971,Pangkal Balam
197104,1971,Rangkui
197105,1971,Gerunggang
197106,1971,Gabek
197107,1971,Girimaya
210104,2101,Gunung Kijang
210106,2101,Bintan Timur
210107,2101,Bintan Utara
210108,2101,Teluk Bintan
210109,2101,Tambelan
210110,2101,Telok Sebong
210112,2101,Toapaya
210113,2101,Mantang
210114,2101,Bintan Pesisir
210115,2101,Seri Kuala Lobam
210201,2102,Moro
210202,2102,Kundur
210203,2102,Karimun
210204,2102,Meral
210205,2102,Tebing
210206,2102,Buru
210207,2102,Kundur Utara
210208,2102,Kundur Barat
210209,2102,Durai
210210,2102,Meral Barat
210211,2102,Ungar
210212,2102,Belat
210304,2103,Midai
210305,2103,Bunguran Barat
210306,2103,Serasan
210307,2103,Bunguran Timur
210308,2103,Bunguran Utara
210309,2103,Subi
210310,2103,Pulau Laut
210311,2103,Pulau Tiga
210315,2103,Bunguran Timur Laut
210316,2103,Bunguran Tengah
210318,2103,Bunguran Selatan
210319,2103,Serasan Timur
210320,2103,Bunguran Batubi
210321,2103,Pulau Tiga Barat
210322,2103,Suak Midai
210401,2104,Singkep
210402,2104,Lingga
210403,2104,Senayang
210404,2104,Singkep Barat
210405,2104,Lingga Utara
210406,2104,Singkep Pesisir
210407,2104,Lingga Timur
210408,2104,Selayar
210409,2104,Singkep Selatan
210410,2104,Kepulauan Posek
210411,2104,Katang Bidare
210412,2104,Temiang Pesisir
210413,2104,Bakung Serumpun
210501,2105,Siantan
210502,2105,Palmatak
210503,2105,Siantan Timur
210504,2105,Siantan Selatan
210505,2105,Jemaja Timur
210506,2105,Jemaja
210507,2105,Siantan Tengah
210508,2105,Siantan Utara
210509,2105,Jemaja Barat
217101,2171,Belakang Padang
217102,2171,Batu Ampar
217103,2171,Sekupang
217104,2171,Nongsa
217105,2171,Bulang
217106,2171,Lubuk Baja
217107,2171,Sei Beduk
217108,2171,Galang
217109,2171,Bengkong
217110,2171,Batam Kota
217111,2171,Sagulung
217112,2171,Batu Aji
217201,2172,Tanjung Pinang Barat
217202,2172,Tanjung Pinang Timur
217203,2172,Tanjung Pinang Kota
217204,2172,Bukit Bestari
